source_id,exam,source_group,source_title,source_type,source_url,local_path,raw_available,markdown_available,module_name,unit_name,captured_at,status,notes
ai900_homepage,ai-900,homepage,AI-900 exam homepage,exam-homepage,https://learn.microsoft.com/en-us/credentials/certifications/exams/ai-900/,ai-900/homepage,yes,yes,,,2026-05-29T18:53:57Z,complete,Official Microsoft Learn exam homepage with local PDF snapshot.
ai900_study_guide,ai-900,study-guide,AI-900 study guide,study-guide,https://learn.microsoft.com/en-us/credentials/certifications/resources/study-guides/ai-900,ai-900/study-guide,yes,yes,,,2026-05-29T18:53:57Z,complete,Official Microsoft Learn study guide with local PDF snapshot.
ai901_homepage,ai-901,homepage,AI-901 exam homepage,exam-homepage,https://learn.microsoft.com/en-us/credentials/certifications/exams/ai-901/,ai-901/homepage,yes,yes,,,2026-05-29T18:53:57Z,complete,Official Microsoft Learn exam homepage with local PDF snapshot.
ai901_study_guide,ai-901,study-guide,AI-901 study guide,study-guide,https://learn.microsoft.com/en-us/credentials/certifications/resources/study-guides/ai-901,ai-901/study-guide,yes,yes,,,2026-05-29T18:53:57Z,complete,Official Microsoft Learn study guide with local PDF snapshot.
ai900_practice_assessment,ai-900,practice-assessment,AI-900 official practice assessment,practice-assessment,https://learn.microsoft.com/en-us/credentials/certifications/exams/ai-900/practice/assessment?assessment-type=practice&assessmentId=26,ai-900/practice-assessment,no,yes,,,2026-05-29T18:53:57Z,incomplete,Placeholder record created because no local exported practice-assessment file or logger session output was available.
path_ai-concepts-for-developers-and-technology-professionals_home,ai-901,microsoft-learn-paths,AI concepts for developers and technology professionals,learning-path-home,https://learn.microsoft.com/en-us/training/paths/ai-concepts/,microsoft-learn-paths/ai-concepts-for-developers-and-technology-professionals/path-home,yes,yes,,,2026-05-29T18:53:57Z,complete,Official learning path home page.
ai-concepts-for-developers-and-technology-professionals_introduction-to-ai-concepts_01,ai-901,microsoft-learn-paths,Introduction to AI,learning-unit,https://learn.microsoft.com/en-us/training/modules/get-started-ai-fundamentals/1-introduction/,microsoft-learn-paths/ai-concepts-for-developers-and-technology-professionals/modules/01_introduction-to-ai-concepts/01_1-introduction.md,yes,yes,Introduction to AI concepts,Introduction to AI,2026-05-29T18:53:57Z,complete,Copied from local AI-901 Microsoft Learn capture.
ai-concepts-for-developers-and-technology-professionals_introduction-to-ai-concepts_02,ai-901,microsoft-learn-paths,Generative AI and agents,learning-unit,https://learn.microsoft.com/en-us/training/modules/get-started-ai-fundamentals/2-generative-ai/,microsoft-learn-paths/ai-concepts-for-developers-and-technology-professionals/modules/01_introduction-to-ai-concepts/02_2-generative-ai.md,yes,yes,Introduction to AI concepts,Generative AI and agents,2026-05-29T18:53:57Z,complete,Copied from local AI-901 Microsoft Learn capture.
ai-concepts-for-developers-and-technology-professionals_introduction-to-ai-concepts_03,ai-901,microsoft-learn-paths,Text and natural language,learning-unit,https://learn.microsoft.com/en-us/training/modules/get-started-ai-fundamentals/5-natural-language-processing/,microsoft-learn-paths/ai-concepts-for-developers-and-technology-professionals/modules/01_introduction-to-ai-concepts/03_5-natural-language-processing.md,yes,yes,Introduction to AI concepts,Text and natural language,2026-05-29T18:53:57Z,complete,Copied from local AI-901 Microsoft Learn capture.
ai-concepts-for-developers-and-technology-professionals_introduction-to-ai-concepts_04,ai-901,microsoft-learn-paths,Speech,learning-unit,https://learn.microsoft.com/en-us/training/modules/get-started-ai-fundamentals/4-speech/,microsoft-learn-paths/ai-concepts-for-developers-and-technology-professionals/modules/01_introduction-to-ai-concepts/04_4-speech.md,yes,yes,Introduction to AI concepts,Speech,2026-05-29T18:53:57Z,complete,Copied from local AI-901 Microsoft Learn capture.
ai-concepts-for-developers-and-technology-professionals_introduction-to-ai-concepts_05,ai-901,microsoft-learn-paths,Computer vision,learning-unit,https://learn.microsoft.com/en-us/training/modules/get-started-ai-fundamentals/3-computer-vision/,microsoft-learn-paths/ai-concepts-for-developers-and-technology-professionals/modules/01_introduction-to-ai-concepts/05_3-computer-vision.md,yes,yes,Introduction to AI concepts,Computer vision,2026-05-29T18:53:57Z,complete,Copied from local AI-901 Microsoft Learn capture.
ai-concepts-for-developers-and-technology-professionals_introduction-to-ai-concepts_06,ai-901,microsoft-learn-paths,Information extraction,learning-unit,https://learn.microsoft.com/en-us/training/modules/get-started-ai-fundamentals/6-extract-insights/,microsoft-learn-paths/ai-concepts-for-developers-and-technology-professionals/modules/01_introduction-to-ai-concepts/06_6-extract-insights.md,yes,yes,Introduction to AI concepts,Information extraction,2026-05-29T18:53:57Z,complete,Copied from local AI-901 Microsoft Learn capture.
ai-concepts-for-developers-and-technology-professionals_introduction-to-ai-concepts_07,ai-901,microsoft-learn-paths,Responsible AI,learning-unit,https://learn.microsoft.com/en-us/training/modules/get-started-ai-fundamentals/7-responsible-ai/,microsoft-learn-paths/ai-concepts-for-developers-and-technology-professionals/modules/01_introduction-to-ai-concepts/07_7-responsible-ai.md,yes,yes,Introduction to AI concepts,Responsible AI,2026-05-29T18:53:57Z,complete,Copied from local AI-901 Microsoft Learn capture.
ai-concepts-for-developers-and-technology-professionals_introduction-to-ai-concepts_08,ai-901,microsoft-learn-paths,Exercise - Explore AI workloads,learning-unit,https://learn.microsoft.com/en-us/training/modules/get-started-ai-fundamentals/7b-exercise/,microsoft-learn-paths/ai-concepts-for-developers-and-technology-professionals/modules/01_introduction-to-ai-concepts/08_7b-exercise.md,yes,yes,Introduction to AI concepts,Exercise - Explore AI workloads,2026-05-29T18:53:57Z,complete,Copied from local AI-901 Microsoft Learn capture.
ai-concepts-for-developers-and-technology-professionals_introduction-to-ai-concepts_09,ai-901,microsoft-learn-paths,Module assessment,learning-unit,https://learn.microsoft.com/en-us/training/modules/get-started-ai-fundamentals/8-knowledge-check/,microsoft-learn-paths/ai-concepts-for-developers-and-technology-professionals/modules/01_introduction-to-ai-concepts/09_8-knowledge-check.md,yes,yes,Introduction to AI concepts,Module assessment,2026-05-29T18:53:57Z,complete,Copied from local AI-901 Microsoft Learn capture.
ai-concepts-for-developers-and-technology-professionals_introduction-to-ai-concepts_10,ai-901,microsoft-learn-paths,Summary,learning-unit,https://learn.microsoft.com/en-us/training/modules/get-started-ai-fundamentals/9-summary/,microsoft-learn-paths/ai-concepts-for-developers-and-technology-professionals/modules/01_introduction-to-ai-concepts/10_9-summary.md,yes,yes,Introduction to AI concepts,Summary,2026-05-29T18:53:57Z,complete,Copied from local AI-901 Microsoft Learn capture.
ai-concepts-for-developers-and-technology-professionals_introduction-to-generative-ai-and-agents_01,ai-901,microsoft-learn-paths,Introduction,learning-unit,https://learn.microsoft.com/en-us/training/modules/fundamentals-generative-ai/1-introduction/,microsoft-learn-paths/ai-concepts-for-developers-and-technology-professionals/modules/02_introduction-to-generative-ai-and-agents/01_1-introduction.md,yes,yes,Introduction to generative AI and agents,Introduction,2026-05-29T18:53:57Z,complete,Copied from local AI-901 Microsoft Learn capture.
ai-concepts-for-developers-and-technology-professionals_introduction-to-generative-ai-and-agents_02,ai-901,microsoft-learn-paths,Large language models (LLMs),learning-unit,https://learn.microsoft.com/en-us/training/modules/fundamentals-generative-ai/3-language-models/,microsoft-learn-paths/ai-concepts-for-developers-and-technology-professionals/modules/02_introduction-to-generative-ai-and-agents/02_3-language-models.md,yes,yes,Introduction to generative AI and agents,Large language models (LLMs),2026-05-29T18:53:57Z,complete,Copied from local AI-901 Microsoft Learn capture.
ai-concepts-for-developers-and-technology-professionals_introduction-to-generative-ai-and-agents_03,ai-901,microsoft-learn-paths,Prompts,learning-unit,https://learn.microsoft.com/en-us/training/modules/fundamentals-generative-ai/6-writing-prompts/,microsoft-learn-paths/ai-concepts-for-developers-and-technology-professionals/modules/02_introduction-to-generative-ai-and-agents/03_6-writing-prompts.md,yes,yes,Introduction to generative AI and agents,Prompts,2026-05-29T18:53:57Z,complete,Copied from local AI-901 Microsoft Learn capture.
ai-concepts-for-developers-and-technology-professionals_introduction-to-generative-ai-and-agents_04,ai-901,microsoft-learn-paths,AI agents,learning-unit,https://learn.microsoft.com/en-us/training/modules/fundamentals-generative-ai/7-agents/,microsoft-learn-paths/ai-concepts-for-developers-and-technology-professionals/modules/02_introduction-to-generative-ai-and-agents/04_7-agents.md,yes,yes,Introduction to generative AI and agents,AI agents,2026-05-29T18:53:57Z,complete,Copied from local AI-901 Microsoft Learn capture.
ai-concepts-for-developers-and-technology-professionals_introduction-to-generative-ai-and-agents_05,ai-901,microsoft-learn-paths,Exercise - Explore generative AI,learning-unit,https://learn.microsoft.com/en-us/training/modules/fundamentals-generative-ai/7a-exercise/,microsoft-learn-paths/ai-concepts-for-developers-and-technology-professionals/modules/02_introduction-to-generative-ai-and-agents/05_7a-exercise.md,yes,yes,Introduction to generative AI and agents,Exercise - Explore generative AI,2026-05-29T18:53:57Z,complete,Copied from local AI-901 Microsoft Learn capture.
ai-concepts-for-developers-and-technology-professionals_introduction-to-generative-ai-and-agents_06,ai-901,microsoft-learn-paths,Module assessment,learning-unit,https://learn.microsoft.com/en-us/training/modules/fundamentals-generative-ai/8-knowledge-check/,microsoft-learn-paths/ai-concepts-for-developers-and-technology-professionals/modules/02_introduction-to-generative-ai-and-agents/06_8-knowledge-check.md,yes,yes,Introduction to generative AI and agents,Module assessment,2026-05-29T18:53:57Z,complete,Copied from local AI-901 Microsoft Learn capture.
ai-concepts-for-developers-and-technology-professionals_introduction-to-generative-ai-and-agents_07,ai-901,microsoft-learn-paths,Summary,learning-unit,https://learn.microsoft.com/en-us/training/modules/fundamentals-generative-ai/9-summary/,microsoft-learn-paths/ai-concepts-for-developers-and-technology-professionals/modules/02_introduction-to-generative-ai-and-agents/07_9-summary.md,yes,yes,Introduction to generative AI and agents,Summary,2026-05-29T18:53:57Z,complete,Copied from local AI-901 Microsoft Learn capture.
ai-concepts-for-developers-and-technology-professionals_introduction-to-natural-language-processing-concepts_01,ai-901,microsoft-learn-paths,Introduction,learning-unit,https://learn.microsoft.com/en-us/training/modules/introduction-language/1-introduction/,microsoft-learn-paths/ai-concepts-for-developers-and-technology-professionals/modules/03_introduction-to-natural-language-processing-concepts,no,no,Introduction to natural language processing concepts,Introduction,2026-05-29T18:53:57Z,incomplete,Copied from local AI-901 Microsoft Learn capture.
ai-concepts-for-developers-and-technology-professionals_introduction-to-natural-language-processing-concepts_02,ai-901,microsoft-learn-paths,Tokenization,learning-unit,https://learn.microsoft.com/en-us/training/modules/introduction-language/2-how-it-works/,microsoft-learn-paths/ai-concepts-for-developers-and-technology-professionals/modules/03_introduction-to-natural-language-processing-concepts,no,no,Introduction to natural language processing concepts,Tokenization,2026-05-29T18:53:57Z,incomplete,Copied from local AI-901 Microsoft Learn capture.
ai-concepts-for-developers-and-technology-professionals_introduction-to-natural-language-processing-concepts_03,ai-901,microsoft-learn-paths,Statistical text analysis.,learning-unit,https://learn.microsoft.com/en-us/training/modules/introduction-language/3-statistical-techniques/,microsoft-learn-paths/ai-concepts-for-developers-and-technology-professionals/modules/03_introduction-to-natural-language-processing-concepts,no,no,Introduction to natural language processing concepts,Statistical text analysis.,2026-05-29T18:53:57Z,incomplete,Copied from local AI-901 Microsoft Learn capture.
ai-concepts-for-developers-and-technology-professionals_introduction-to-natural-language-processing-concepts_04,ai-901,microsoft-learn-paths,Semantic language models,learning-unit,https://learn.microsoft.com/en-us/training/modules/introduction-language/4-semantic-models/,microsoft-learn-paths/ai-concepts-for-developers-and-technology-professionals/modules/03_introduction-to-natural-language-processing-concepts,no,no,Introduction to natural language processing concepts,Semantic language models,2026-05-29T18:53:57Z,incomplete,Copied from local AI-901 Microsoft Learn capture.
ai-concepts-for-developers-and-technology-professionals_introduction-to-natural-language-processing-concepts_05,ai-901,microsoft-learn-paths,Exercise - Explore text analytics,learning-unit,https://learn.microsoft.com/en-us/training/modules/introduction-language/4b-exercise/,microsoft-learn-paths/ai-concepts-for-developers-and-technology-professionals/modules/03_introduction-to-natural-language-processing-concepts/05_4b-exercise.md,no,yes,Introduction to natural language processing concepts,Exercise - Explore text analytics,2026-05-29T18:53:57Z,complete,Copied from local AI-901 Microsoft Learn capture.
ai-concepts-for-developers-and-technology-professionals_introduction-to-natural-language-processing-concepts_06,ai-901,microsoft-learn-paths,Module assessment,learning-unit,https://learn.microsoft.com/en-us/training/modules/introduction-language/5-knowledge-check/,microsoft-learn-paths/ai-concepts-for-developers-and-technology-professionals/modules/03_introduction-to-natural-language-processing-concepts,no,no,Introduction to natural language processing concepts,Module assessment,2026-05-29T18:53:57Z,incomplete,Copied from local AI-901 Microsoft Learn capture.
ai-concepts-for-developers-and-technology-professionals_introduction-to-natural-language-processing-concepts_07,ai-901,microsoft-learn-paths,Summary,learning-unit,https://learn.microsoft.com/en-us/training/modules/introduction-language/6-summary/,microsoft-learn-paths/ai-concepts-for-developers-and-technology-professionals/modules/03_introduction-to-natural-language-processing-concepts/07_6-summary.md,no,yes,Introduction to natural language processing concepts,Summary,2026-05-29T18:53:57Z,complete,Copied from local AI-901 Microsoft Learn capture.
ai-concepts-for-developers-and-technology-professionals_introduction-to-ai-speech-concepts_01,ai-901,microsoft-learn-paths,Introduction,learning-unit,https://learn.microsoft.com/en-us/training/modules/introduction-ai-speech/1-introduction/,microsoft-learn-paths/ai-concepts-for-developers-and-technology-professionals/modules/04_introduction-to-ai-speech-concepts/01_1-introduction.md,yes,yes,Introduction to AI speech concepts,Introduction,2026-05-29T18:53:57Z,complete,Copied from local AI-901 Microsoft Learn capture.
ai-concepts-for-developers-and-technology-professionals_introduction-to-ai-speech-concepts_02,ai-901,microsoft-learn-paths,Speech-enabled solutions,learning-unit,https://learn.microsoft.com/en-us/training/modules/introduction-ai-speech/2-speech-solutions/,microsoft-learn-paths/ai-concepts-for-developers-and-technology-professionals/modules/04_introduction-to-ai-speech-concepts/02_2-speech-solutions.md,yes,yes,Introduction to AI speech concepts,Speech-enabled solutions,2026-05-29T18:53:57Z,complete,Copied from local AI-901 Microsoft Learn capture.
ai-concepts-for-developers-and-technology-professionals_introduction-to-ai-speech-concepts_03,ai-901,microsoft-learn-paths,Speech recognition,learning-unit,https://learn.microsoft.com/en-us/training/modules/introduction-ai-speech/3-speech-recognition/,microsoft-learn-paths/ai-concepts-for-developers-and-technology-professionals/modules/04_introduction-to-ai-speech-concepts/03_3-speech-recognition.md,yes,yes,Introduction to AI speech concepts,Speech recognition,2026-05-29T18:53:57Z,complete,Copied from local AI-901 Microsoft Learn capture.
ai-concepts-for-developers-and-technology-professionals_introduction-to-ai-speech-concepts_04,ai-901,microsoft-learn-paths,Speech synthesis,learning-unit,https://learn.microsoft.com/en-us/training/modules/introduction-ai-speech/4-speech-synthesis/,microsoft-learn-paths/ai-concepts-for-developers-and-technology-professionals/modules/04_introduction-to-ai-speech-concepts/04_4-speech-synthesis.md,yes,yes,Introduction to AI speech concepts,Speech synthesis,2026-05-29T18:53:57Z,complete,Copied from local AI-901 Microsoft Learn capture.
ai-concepts-for-developers-and-technology-professionals_introduction-to-ai-speech-concepts_05,ai-901,microsoft-learn-paths,Exercise - Explore AI speech,learning-unit,https://learn.microsoft.com/en-us/training/modules/introduction-ai-speech/5-exercise-speech/,microsoft-learn-paths/ai-concepts-for-developers-and-technology-professionals/modules/04_introduction-to-ai-speech-concepts/05_5-exercise-speech.md,yes,yes,Introduction to AI speech concepts,Exercise - Explore AI speech,2026-05-29T18:53:57Z,complete,Copied from local AI-901 Microsoft Learn capture.
ai-concepts-for-developers-and-technology-professionals_introduction-to-ai-speech-concepts_06,ai-901,microsoft-learn-paths,Module assessment,learning-unit,https://learn.microsoft.com/en-us/training/modules/introduction-ai-speech/6-knowledge-check/,microsoft-learn-paths/ai-concepts-for-developers-and-technology-professionals/modules/04_introduction-to-ai-speech-concepts/06_6-knowledge-check.md,yes,yes,Introduction to AI speech concepts,Module assessment,2026-05-29T18:53:57Z,complete,Copied from local AI-901 Microsoft Learn capture.
ai-concepts-for-developers-and-technology-professionals_introduction-to-ai-speech-concepts_07,ai-901,microsoft-learn-paths,Summary,learning-unit,https://learn.microsoft.com/en-us/training/modules/introduction-ai-speech/7-summary/,microsoft-learn-paths/ai-concepts-for-developers-and-technology-professionals/modules/04_introduction-to-ai-speech-concepts/07_7-summary.md,yes,yes,Introduction to AI speech concepts,Summary,2026-05-29T18:53:57Z,complete,Copied from local AI-901 Microsoft Learn capture.
ai-concepts-for-developers-and-technology-professionals_introduction-to-computer-vision-concepts_01,ai-901,microsoft-learn-paths,Introduction,learning-unit,https://learn.microsoft.com/en-us/training/modules/introduction-computer-vision/1-introduction/,microsoft-learn-paths/ai-concepts-for-developers-and-technology-professionals/modules/05_introduction-to-computer-vision-concepts/01_1-introduction.md,yes,yes,Introduction to computer vision concepts,Introduction,2026-05-29T18:53:57Z,complete,Copied from local AI-901 Microsoft Learn capture.
ai-concepts-for-developers-and-technology-professionals_introduction-to-computer-vision-concepts_02,ai-901,microsoft-learn-paths,Computer vision tasks and techniques,learning-unit,https://learn.microsoft.com/en-us/training/modules/introduction-computer-vision/2-overview/,microsoft-learn-paths/ai-concepts-for-developers-and-technology-professionals/modules/05_introduction-to-computer-vision-concepts/02_2-overview.md,yes,yes,Introduction to computer vision concepts,Computer vision tasks and techniques,2026-05-29T18:53:57Z,complete,Copied from local AI-901 Microsoft Learn capture.
ai-concepts-for-developers-and-technology-professionals_introduction-to-computer-vision-concepts_03,ai-901,microsoft-learn-paths,Images and image processing,learning-unit,https://learn.microsoft.com/en-us/training/modules/introduction-computer-vision/3-understand-image-processing/,microsoft-learn-paths/ai-concepts-for-developers-and-technology-professionals/modules/05_introduction-to-computer-vision-concepts,no,no,Introduction to computer vision concepts,Images and image processing,2026-05-29T18:53:57Z,incomplete,Copied from local AI-901 Microsoft Learn capture.
ai-concepts-for-developers-and-technology-professionals_introduction-to-computer-vision-concepts_04,ai-901,microsoft-learn-paths,Convolutional neural networks,learning-unit,https://learn.microsoft.com/en-us/training/modules/introduction-computer-vision/4-computer-vision-models/,microsoft-learn-paths/ai-concepts-for-developers-and-technology-professionals/modules/05_introduction-to-computer-vision-concepts/04_4-computer-vision-models.md,no,yes,Introduction to computer vision concepts,Convolutional neural networks,2026-05-29T18:53:57Z,complete,Copied from local AI-901 Microsoft Learn capture.
ai-concepts-for-developers-and-technology-professionals_introduction-to-computer-vision-concepts_05,ai-901,microsoft-learn-paths,Vision transformers and multimodal models,learning-unit,https://learn.microsoft.com/en-us/training/modules/introduction-computer-vision/5-modern-vision-models/,microsoft-learn-paths/ai-concepts-for-developers-and-technology-professionals/modules/05_introduction-to-computer-vision-concepts/05_5-modern-vision-models.md,no,yes,Introduction to computer vision concepts,Vision transformers and multimodal models,2026-05-29T18:53:57Z,complete,Copied from local AI-901 Microsoft Learn capture.
ai-concepts-for-developers-and-technology-professionals_introduction-to-computer-vision-concepts_06,ai-901,microsoft-learn-paths,Image generation,learning-unit,https://learn.microsoft.com/en-us/training/modules/introduction-computer-vision/5a-generate-images/,microsoft-learn-paths/ai-concepts-for-developers-and-technology-professionals/modules/05_introduction-to-computer-vision-concepts/06_5a-generate-images.md,yes,yes,Introduction to computer vision concepts,Image generation,2026-05-29T18:53:57Z,complete,Copied from local AI-901 Microsoft Learn capture.
ai-concepts-for-developers-and-technology-professionals_introduction-to-computer-vision-concepts_07,ai-901,microsoft-learn-paths,Exercise - Explore computer vision,learning-unit,https://learn.microsoft.com/en-us/training/modules/introduction-computer-vision/5b-exercise/,microsoft-learn-paths/ai-concepts-for-developers-and-technology-professionals/modules/05_introduction-to-computer-vision-concepts/07_5b-exercise.md,yes,yes,Introduction to computer vision concepts,Exercise - Explore computer vision,2026-05-29T18:53:57Z,complete,Copied from local AI-901 Microsoft Learn capture.
ai-concepts-for-developers-and-technology-professionals_introduction-to-computer-vision-concepts_08,ai-901,microsoft-learn-paths,Module assessment,learning-unit,https://learn.microsoft.com/en-us/training/modules/introduction-computer-vision/6-knowledge-check/,microsoft-learn-paths/ai-concepts-for-developers-and-technology-professionals/modules/05_introduction-to-computer-vision-concepts/08_6-knowledge-check.md,yes,yes,Introduction to computer vision concepts,Module assessment,2026-05-29T18:53:57Z,complete,Copied from local AI-901 Microsoft Learn capture.
ai-concepts-for-developers-and-technology-professionals_introduction-to-computer-vision-concepts_09,ai-901,microsoft-learn-paths,Summary,learning-unit,https://learn.microsoft.com/en-us/training/modules/introduction-computer-vision/7-summary/,microsoft-learn-paths/ai-concepts-for-developers-and-technology-professionals/modules/05_introduction-to-computer-vision-concepts/09_7-summary.md,yes,yes,Introduction to computer vision concepts,Summary,2026-05-29T18:53:57Z,complete,Copied from local AI-901 Microsoft Learn capture.
ai-concepts-for-developers-and-technology-professionals_introduction-to-ai-powered-information-extraction-concepts_01,ai-901,microsoft-learn-paths,Introduction,learning-unit,https://learn.microsoft.com/en-us/training/modules/introduction-information-extraction/1-introduction/,microsoft-learn-paths/ai-concepts-for-developers-and-technology-professionals/modules/06_introduction-to-ai-powered-information-extraction-concepts,no,no,Introduction to AI-powered information extraction concepts,Introduction,2026-05-29T18:53:57Z,incomplete,Copied from local AI-901 Microsoft Learn capture.
ai-concepts-for-developers-and-technology-professionals_introduction-to-ai-powered-information-extraction-concepts_02,ai-901,microsoft-learn-paths,Overview of information extraction,learning-unit,https://learn.microsoft.com/en-us/training/modules/introduction-information-extraction/2-overview/,microsoft-learn-paths/ai-concepts-for-developers-and-technology-professionals/modules/06_introduction-to-ai-powered-information-extraction-concepts,no,no,Introduction to AI-powered information extraction concepts,Overview of information extraction,2026-05-29T18:53:57Z,incomplete,Copied from local AI-901 Microsoft Learn capture.
ai-concepts-for-developers-and-technology-professionals_introduction-to-ai-powered-information-extraction-concepts_03,ai-901,microsoft-learn-paths,Optical character recognition (OCR),learning-unit,https://learn.microsoft.com/en-us/training/modules/introduction-information-extraction/3-vision-extraction/,microsoft-learn-paths/ai-concepts-for-developers-and-technology-professionals/modules/06_introduction-to-ai-powered-information-extraction-concepts,no,no,Introduction to AI-powered information extraction concepts,Optical character recognition (OCR),2026-05-29T18:53:57Z,incomplete,Copied from local AI-901 Microsoft Learn capture.
ai-concepts-for-developers-and-technology-professionals_introduction-to-ai-powered-information-extraction-concepts_04,ai-901,microsoft-learn-paths,Field extraction and mapping,learning-unit,https://learn.microsoft.com/en-us/training/modules/introduction-information-extraction/4-form-extraction/,microsoft-learn-paths/ai-concepts-for-developers-and-technology-professionals/modules/06_introduction-to-ai-powered-information-extraction-concepts,no,no,Introduction to AI-powered information extraction concepts,Field extraction and mapping,2026-05-29T18:53:57Z,incomplete,Copied from local AI-901 Microsoft Learn capture.
ai-concepts-for-developers-and-technology-professionals_introduction-to-ai-powered-information-extraction-concepts_05,ai-901,microsoft-learn-paths,Exercise - Explore AI information extraction,learning-unit,https://learn.microsoft.com/en-us/training/modules/introduction-information-extraction/6b-exercise/,microsoft-learn-paths/ai-concepts-for-developers-and-technology-professionals/modules/06_introduction-to-ai-powered-information-extraction-concepts,no,no,Introduction to AI-powered information extraction concepts,Exercise - Explore AI information extraction,2026-05-29T18:53:57Z,incomplete,Copied from local AI-901 Microsoft Learn capture.
ai-concepts-for-developers-and-technology-professionals_introduction-to-ai-powered-information-extraction-concepts_06,ai-901,microsoft-learn-paths,Module assessment,learning-unit,https://learn.microsoft.com/en-us/training/modules/introduction-information-extraction/7-knowledge-check/,microsoft-learn-paths/ai-concepts-for-developers-and-technology-professionals/modules/06_introduction-to-ai-powered-information-extraction-concepts,no,no,Introduction to AI-powered information extraction concepts,Module assessment,2026-05-29T18:53:57Z,incomplete,Copied from local AI-901 Microsoft Learn capture.
ai-concepts-for-developers-and-technology-professionals_introduction-to-ai-powered-information-extraction-concepts_07,ai-901,microsoft-learn-paths,Summary,learning-unit,https://learn.microsoft.com/en-us/training/modules/introduction-information-extraction/8-summary/,microsoft-learn-paths/ai-concepts-for-developers-and-technology-professionals/modules/06_introduction-to-ai-powered-information-extraction-concepts,no,no,Introduction to AI-powered information extraction concepts,Summary,2026-05-29T18:53:57Z,incomplete,Copied from local AI-901 Microsoft Learn capture.
path_get-started-with-ai-applications-and-agents-on-azure_home,ai-901,microsoft-learn-paths,Get started with AI applications and agents on Azure,learning-path-home,https://learn.microsoft.com/en-us/training/paths/get-started-ai-apps-agents/,microsoft-learn-paths/get-started-with-ai-applications-and-agents-on-azure/path-home,yes,yes,,,2026-05-29T18:53:57Z,complete,Official learning path home page.
get-started-with-ai-applications-and-agents-on-azure_get-started-with-ai-in-azure_01,ai-901,microsoft-learn-paths,Introduction,learning-unit,https://learn.microsoft.com/en-us/training/modules/get-started-with-ai-in-azure/1-introduction/,microsoft-learn-paths/get-started-with-ai-applications-and-agents-on-azure/modules/01_get-started-with-ai-in-azure/01_1-introduction.md,yes,yes,Get started with AI in Azure,Introduction,2026-05-29T18:53:57Z,complete,Copied from local AI-901 Microsoft Learn capture.
get-started-with-ai-applications-and-agents-on-azure_get-started-with-ai-in-azure_02,ai-901,microsoft-learn-paths,Understand Azure,learning-unit,https://learn.microsoft.com/en-us/training/modules/get-started-with-ai-in-azure/2-what-is-azure/,microsoft-learn-paths/get-started-with-ai-applications-and-agents-on-azure/modules/01_get-started-with-ai-in-azure/02_2-what-is-azure.md,yes,yes,Get started with AI in Azure,Understand Azure,2026-05-29T18:53:57Z,complete,Copied from local AI-901 Microsoft Learn capture.
get-started-with-ai-applications-and-agents-on-azure_get-started-with-ai-in-azure_03,ai-901,microsoft-learn-paths,Developing AI apps on Azure,learning-unit,https://learn.microsoft.com/en-us/training/modules/get-started-with-ai-in-azure/3-develop-ai-apps/,microsoft-learn-paths/get-started-with-ai-applications-and-agents-on-azure/modules/01_get-started-with-ai-in-azure/03_3-develop-ai-apps.md,yes,yes,Get started with AI in Azure,Developing AI apps on Azure,2026-05-29T18:53:57Z,complete,Copied from local AI-901 Microsoft Learn capture.
get-started-with-ai-applications-and-agents-on-azure_get-started-with-ai-in-azure_04,ai-901,microsoft-learn-paths,Microsoft Foundry for AI,learning-unit,https://learn.microsoft.com/en-us/training/modules/get-started-with-ai-in-azure/4-microsoft-foundry/,microsoft-learn-paths/get-started-with-ai-applications-and-agents-on-azure/modules/01_get-started-with-ai-in-azure/04_4-microsoft-foundry.md,yes,yes,Get started with AI in Azure,Microsoft Foundry for AI,2026-05-29T18:53:57Z,complete,Copied from local AI-901 Microsoft Learn capture.
get-started-with-ai-applications-and-agents-on-azure_get-started-with-ai-in-azure_05,ai-901,microsoft-learn-paths,Using Microsoft Foundry endpoints,learning-unit,https://learn.microsoft.com/en-us/training/modules/get-started-with-ai-in-azure/5-endpoints/,microsoft-learn-paths/get-started-with-ai-applications-and-agents-on-azure/modules/01_get-started-with-ai-in-azure/05_5-endpoints.md,yes,yes,Get started with AI in Azure,Using Microsoft Foundry endpoints,2026-05-29T18:53:57Z,complete,Copied from local AI-901 Microsoft Learn capture.
get-started-with-ai-applications-and-agents-on-azure_get-started-with-ai-in-azure_06,ai-901,microsoft-learn-paths,Exercise - Get started with Microsoft Foundry,learning-unit,https://learn.microsoft.com/en-us/training/modules/get-started-with-ai-in-azure/6-exercise/,microsoft-learn-paths/get-started-with-ai-applications-and-agents-on-azure/modules/01_get-started-with-ai-in-azure/06_6-exercise.md,yes,yes,Get started with AI in Azure,Exercise - Get started with Microsoft Foundry,2026-05-29T18:53:57Z,complete,Copied from local AI-901 Microsoft Learn capture.
get-started-with-ai-applications-and-agents-on-azure_get-started-with-ai-in-azure_07,ai-901,microsoft-learn-paths,Knowledge check,learning-unit,https://learn.microsoft.com/en-us/training/modules/get-started-with-ai-in-azure/7-knowledge-check/,microsoft-learn-paths/get-started-with-ai-applications-and-agents-on-azure/modules/01_get-started-with-ai-in-azure/07_7-knowledge-check.md,yes,yes,Get started with AI in Azure,Knowledge check,2026-05-29T18:53:57Z,complete,Copied from local AI-901 Microsoft Learn capture.
get-started-with-ai-applications-and-agents-on-azure_get-started-with-ai-in-azure_08,ai-901,microsoft-learn-paths,Summary,learning-unit,https://learn.microsoft.com/en-us/training/modules/get-started-with-ai-in-azure/8-summary/,microsoft-learn-paths/get-started-with-ai-applications-and-agents-on-azure/modules/01_get-started-with-ai-in-azure/08_8-summary.md,yes,yes,Get started with AI in Azure,Summary,2026-05-29T18:53:57Z,complete,Copied from local AI-901 Microsoft Learn capture.
get-started-with-ai-applications-and-agents-on-azure_get-started-with-generative-ai-and-agents-in-azure_01,ai-901,microsoft-learn-paths,Introduction,learning-unit,https://learn.microsoft.com/en-us/training/modules/get-started-with-generative-ai-and-agents/1-introduction/,microsoft-learn-paths/get-started-with-ai-applications-and-agents-on-azure/modules/02_get-started-with-generative-ai-and-agents-in-azure/01_1-introduction.md,no,yes,Get started with generative AI and agents in Azure,Introduction,2026-05-29T18:53:57Z,complete,Copied from local AI-901 Microsoft Learn capture.
get-started-with-ai-applications-and-agents-on-azure_get-started-with-generative-ai-and-agents-in-azure_02,ai-901,microsoft-learn-paths,Generative AI models,learning-unit,https://learn.microsoft.com/en-us/training/modules/get-started-with-generative-ai-and-agents/2-generative-ai-models/,microsoft-learn-paths/get-started-with-ai-applications-and-agents-on-azure/modules/02_get-started-with-generative-ai-and-agents-in-azure,no,no,Get started with generative AI and agents in Azure,Generative AI models,2026-05-29T18:53:57Z,incomplete,Copied from local AI-901 Microsoft Learn capture.
get-started-with-ai-applications-and-agents-on-azure_get-started-with-generative-ai-and-agents-in-azure_03,ai-901,microsoft-learn-paths,Using a generative AI model,learning-unit,https://learn.microsoft.com/en-us/training/modules/get-started-with-generative-ai-and-agents/3-using-generative-ai-models/,microsoft-learn-paths/get-started-with-ai-applications-and-agents-on-azure/modules/02_get-started-with-generative-ai-and-agents-in-azure,no,no,Get started with generative AI and agents in Azure,Using a generative AI model,2026-05-29T18:53:57Z,incomplete,Copied from local AI-901 Microsoft Learn capture.
get-started-with-ai-applications-and-agents-on-azure_get-started-with-generative-ai-and-agents-in-azure_04,ai-901,microsoft-learn-paths,Creating an agent,learning-unit,https://learn.microsoft.com/en-us/training/modules/get-started-with-generative-ai-and-agents/4-creating-an-agent/,microsoft-learn-paths/get-started-with-ai-applications-and-agents-on-azure/modules/02_get-started-with-generative-ai-and-agents-in-azure,no,no,Get started with generative AI and agents in Azure,Creating an agent,2026-05-29T18:53:57Z,incomplete,Copied from local AI-901 Microsoft Learn capture.
get-started-with-ai-applications-and-agents-on-azure_get-started-with-generative-ai-and-agents-in-azure_05,ai-901,microsoft-learn-paths,Exercise - Get started with generative AI and agents in Microsoft Foundry,learning-unit,https://learn.microsoft.com/en-us/training/modules/get-started-with-generative-ai-and-agents/6-exercise/,microsoft-learn-paths/get-started-with-ai-applications-and-agents-on-azure/modules/02_get-started-with-generative-ai-and-agents-in-azure/05_6-exercise.md,yes,yes,Get started with generative AI and agents in Azure,Exercise - Get started with generative AI and agents in Microsoft Foundry,2026-05-29T18:53:57Z,complete,Copied from local AI-901 Microsoft Learn capture.
get-started-with-ai-applications-and-agents-on-azure_get-started-with-generative-ai-and-agents-in-azure_06,ai-901,microsoft-learn-paths,Knowledge check,learning-unit,https://learn.microsoft.com/en-us/training/modules/get-started-with-generative-ai-and-agents/7-knowledge-check/,microsoft-learn-paths/get-started-with-ai-applications-and-agents-on-azure/modules/02_get-started-with-generative-ai-and-agents-in-azure/06_7-knowledge-check.md,no,yes,Get started with generative AI and agents in Azure,Knowledge check,2026-05-29T18:53:57Z,complete,Copied from local AI-901 Microsoft Learn capture.
get-started-with-ai-applications-and-agents-on-azure_get-started-with-generative-ai-and-agents-in-azure_07,ai-901,microsoft-learn-paths,Summary,learning-unit,https://learn.microsoft.com/en-us/training/modules/get-started-with-generative-ai-and-agents/8-summary/,microsoft-learn-paths/get-started-with-ai-applications-and-agents-on-azure/modules/02_get-started-with-generative-ai-and-agents-in-azure/07_8-summary.md,yes,yes,Get started with generative AI and agents in Azure,Summary,2026-05-29T18:53:57Z,complete,Copied from local AI-901 Microsoft Learn capture.
get-started-with-ai-applications-and-agents-on-azure_get-started-with-text-analysis-in-azure_01,ai-901,microsoft-learn-paths,Introduction,learning-unit,https://learn.microsoft.com/en-us/training/modules/get-started-text-analysis-azure/1-introduction/,microsoft-learn-paths/get-started-with-ai-applications-and-agents-on-azure/modules/03_get-started-with-text-analysis-in-azure/01_1-introduction.md,yes,yes,Get started with text analysis in Azure,Introduction,2026-05-29T18:53:57Z,complete,Copied from local AI-901 Microsoft Learn capture.
get-started-with-ai-applications-and-agents-on-azure_get-started-with-text-analysis-in-azure_02,ai-901,microsoft-learn-paths,Understand text analysis in Foundry,learning-unit,https://learn.microsoft.com/en-us/training/modules/get-started-text-analysis-azure/2-azure-language/,microsoft-learn-paths/get-started-with-ai-applications-and-agents-on-azure/modules/03_get-started-with-text-analysis-in-azure/02_2-azure-language.md,yes,yes,Get started with text analysis in Azure,Understand text analysis in Foundry,2026-05-29T18:53:57Z,complete,Copied from local AI-901 Microsoft Learn capture.
get-started-with-ai-applications-and-agents-on-azure_get-started-with-text-analysis-in-azure_03,ai-901,microsoft-learn-paths,Create a client application that analyzes text,learning-unit,https://learn.microsoft.com/en-us/training/modules/get-started-text-analysis-azure/3-language-sdk/,microsoft-learn-paths/get-started-with-ai-applications-and-agents-on-azure/modules/03_get-started-with-text-analysis-in-azure/03_3-language-sdk.md,yes,yes,Get started with text analysis in Azure,Create a client application that analyzes text,2026-05-29T18:53:57Z,complete,Copied from local AI-901 Microsoft Learn capture.
get-started-with-ai-applications-and-agents-on-azure_get-started-with-text-analysis-in-azure_04,ai-901,microsoft-learn-paths,Use Azure Language with an agent,learning-unit,https://learn.microsoft.com/en-us/training/modules/get-started-text-analysis-azure/4-language-mcp/,microsoft-learn-paths/get-started-with-ai-applications-and-agents-on-azure/modules/03_get-started-with-text-analysis-in-azure/04_4-language-mcp.md,yes,yes,Get started with text analysis in Azure,Use Azure Language with an agent,2026-05-29T18:53:57Z,complete,Copied from local AI-901 Microsoft Learn capture.
get-started-with-ai-applications-and-agents-on-azure_get-started-with-text-analysis-in-azure_05,ai-901,microsoft-learn-paths,Exercise - Get started with text analysis in Microsoft Foundry,learning-unit,https://learn.microsoft.com/en-us/training/modules/get-started-text-analysis-azure/5-exercise/,microsoft-learn-paths/get-started-with-ai-applications-and-agents-on-azure/modules/03_get-started-with-text-analysis-in-azure/05_5-exercise.md,yes,yes,Get started with text analysis in Azure,Exercise - Get started with text analysis in Microsoft Foundry,2026-05-29T18:53:57Z,complete,Copied from local AI-901 Microsoft Learn capture.
get-started-with-ai-applications-and-agents-on-azure_get-started-with-text-analysis-in-azure_06,ai-901,microsoft-learn-paths,Module assessment,learning-unit,https://learn.microsoft.com/en-us/training/modules/get-started-text-analysis-azure/6-knowledge-check/,microsoft-learn-paths/get-started-with-ai-applications-and-agents-on-azure/modules/03_get-started-with-text-analysis-in-azure/06_6-knowledge-check.md,yes,yes,Get started with text analysis in Azure,Module assessment,2026-05-29T18:53:57Z,complete,Copied from local AI-901 Microsoft Learn capture.
get-started-with-ai-applications-and-agents-on-azure_get-started-with-text-analysis-in-azure_07,ai-901,microsoft-learn-paths,Summary,learning-unit,https://learn.microsoft.com/en-us/training/modules/get-started-text-analysis-azure/7-summary/,microsoft-learn-paths/get-started-with-ai-applications-and-agents-on-azure/modules/03_get-started-with-text-analysis-in-azure/07_7-summary.md,yes,yes,Get started with text analysis in Azure,Summary,2026-05-29T18:53:57Z,complete,Copied from local AI-901 Microsoft Learn capture.
get-started-with-ai-applications-and-agents-on-azure_get-started-with-speech-in-azure_01,ai-901,microsoft-learn-paths,Introduction,learning-unit,https://learn.microsoft.com/en-us/training/modules/get-started-speech-azure/1-introduction/,microsoft-learn-paths/get-started-with-ai-applications-and-agents-on-azure/modules/04_get-started-with-speech-in-azure/01_1-introduction.md,yes,yes,Get started with speech in Azure,Introduction,2026-05-29T18:53:57Z,complete,Copied from local AI-901 Microsoft Learn capture.
get-started-with-ai-applications-and-agents-on-azure_get-started-with-speech-in-azure_02,ai-901,microsoft-learn-paths,Speech recognition,learning-unit,https://learn.microsoft.com/en-us/training/modules/get-started-speech-azure/2-speech-recognition/,microsoft-learn-paths/get-started-with-ai-applications-and-agents-on-azure/modules/04_get-started-with-speech-in-azure/02_2-speech-recognition.md,yes,yes,Get started with speech in Azure,Speech recognition,2026-05-29T18:53:57Z,complete,Copied from local AI-901 Microsoft Learn capture.
get-started-with-ai-applications-and-agents-on-azure_get-started-with-speech-in-azure_03,ai-901,microsoft-learn-paths,Speech synthesis,learning-unit,https://learn.microsoft.com/en-us/training/modules/get-started-speech-azure/3-speech-synthesis/,microsoft-learn-paths/get-started-with-ai-applications-and-agents-on-azure/modules/04_get-started-with-speech-in-azure/03_3-speech-synthesis.md,yes,yes,Get started with speech in Azure,Speech synthesis,2026-05-29T18:53:57Z,complete,Copied from local AI-901 Microsoft Learn capture.
get-started-with-ai-applications-and-agents-on-azure_get-started-with-speech-in-azure_04,ai-901,microsoft-learn-paths,Creating a speech-capable agent,learning-unit,https://learn.microsoft.com/en-us/training/modules/get-started-speech-azure/4-voice-live/,microsoft-learn-paths/get-started-with-ai-applications-and-agents-on-azure/modules/04_get-started-with-speech-in-azure/04_4-voice-live.md,yes,yes,Get started with speech in Azure,Creating a speech-capable agent,2026-05-29T18:53:57Z,complete,Copied from local AI-901 Microsoft Learn capture.
get-started-with-ai-applications-and-agents-on-azure_get-started-with-speech-in-azure_05,ai-901,microsoft-learn-paths,Exercise - Get started with speech in Microsoft Foundry,learning-unit,https://learn.microsoft.com/en-us/training/modules/get-started-speech-azure/5-exercise/,microsoft-learn-paths/get-started-with-ai-applications-and-agents-on-azure/modules/04_get-started-with-speech-in-azure/05_5-exercise.md,yes,yes,Get started with speech in Azure,Exercise - Get started with speech in Microsoft Foundry,2026-05-29T18:53:57Z,complete,Copied from local AI-901 Microsoft Learn capture.
get-started-with-ai-applications-and-agents-on-azure_get-started-with-speech-in-azure_06,ai-901,microsoft-learn-paths,Module assessment,learning-unit,https://learn.microsoft.com/en-us/training/modules/get-started-speech-azure/6-knowledge-check/,microsoft-learn-paths/get-started-with-ai-applications-and-agents-on-azure/modules/04_get-started-with-speech-in-azure/06_6-knowledge-check.md,yes,yes,Get started with speech in Azure,Module assessment,2026-05-29T18:53:57Z,complete,Copied from local AI-901 Microsoft Learn capture.
get-started-with-ai-applications-and-agents-on-azure_get-started-with-speech-in-azure_07,ai-901,microsoft-learn-paths,Summary,learning-unit,https://learn.microsoft.com/en-us/training/modules/get-started-speech-azure/7-summary/,microsoft-learn-paths/get-started-with-ai-applications-and-agents-on-azure/modules/04_get-started-with-speech-in-azure/07_7-summary.md,yes,yes,Get started with speech in Azure,Summary,2026-05-29T18:53:57Z,complete,Copied from local AI-901 Microsoft Learn capture.
get-started-with-ai-applications-and-agents-on-azure_get-started-with-computer-vision-in-azure_01,ai-901,microsoft-learn-paths,Introduction,learning-unit,https://learn.microsoft.com/en-us/training/modules/get-started-vision-azure/1-introduction/,microsoft-learn-paths/get-started-with-ai-applications-and-agents-on-azure/modules/05_get-started-with-computer-vision-in-azure/01_1-introduction.md,yes,yes,Get started with computer vision in Azure,Introduction,2026-05-29T18:53:57Z,complete,Copied from local AI-901 Microsoft Learn capture.
get-started-with-ai-applications-and-agents-on-azure_get-started-with-computer-vision-in-azure_02,ai-901,microsoft-learn-paths,Multimodal models for image analysis,learning-unit,https://learn.microsoft.com/en-us/training/modules/get-started-vision-azure/2-vision-enabled-models/,microsoft-learn-paths/get-started-with-ai-applications-and-agents-on-azure/modules/05_get-started-with-computer-vision-in-azure/02_2-vision-enabled-models.md,no,yes,Get started with computer vision in Azure,Multimodal models for image analysis,2026-05-29T18:53:57Z,complete,Copied from local AI-901 Microsoft Learn capture.
get-started-with-ai-applications-and-agents-on-azure_get-started-with-computer-vision-in-azure_03,ai-901,microsoft-learn-paths,Image generation models,learning-unit,https://learn.microsoft.com/en-us/training/modules/get-started-vision-azure/3-image-generation/,microsoft-learn-paths/get-started-with-ai-applications-and-agents-on-azure/modules/05_get-started-with-computer-vision-in-azure/03_3-image-generation.md,yes,yes,Get started with computer vision in Azure,Image generation models,2026-05-29T18:53:57Z,complete,Copied from local AI-901 Microsoft Learn capture.
get-started-with-ai-applications-and-agents-on-azure_get-started-with-computer-vision-in-azure_04,ai-901,microsoft-learn-paths,Video generation models,learning-unit,https://learn.microsoft.com/en-us/training/modules/get-started-vision-azure/4-video-generation/,microsoft-learn-paths/get-started-with-ai-applications-and-agents-on-azure/modules/05_get-started-with-computer-vision-in-azure/04_4-video-generation.md,yes,yes,Get started with computer vision in Azure,Video generation models,2026-05-29T18:53:57Z,complete,Copied from local AI-901 Microsoft Learn capture.
get-started-with-ai-applications-and-agents-on-azure_get-started-with-computer-vision-in-azure_05,ai-901,microsoft-learn-paths,Exercise - Get started with computer vision in Microsoft Foundry,learning-unit,https://learn.microsoft.com/en-us/training/modules/get-started-vision-azure/5-exercise/,microsoft-learn-paths/get-started-with-ai-applications-and-agents-on-azure/modules/05_get-started-with-computer-vision-in-azure/05_5-exercise.md,yes,yes,Get started with computer vision in Azure,Exercise - Get started with computer vision in Microsoft Foundry,2026-05-29T18:53:57Z,complete,Copied from local AI-901 Microsoft Learn capture.
get-started-with-ai-applications-and-agents-on-azure_get-started-with-computer-vision-in-azure_06,ai-901,microsoft-learn-paths,Module assessment,learning-unit,https://learn.microsoft.com/en-us/training/modules/get-started-vision-azure/6-knowledge-check/,microsoft-learn-paths/get-started-with-ai-applications-and-agents-on-azure/modules/05_get-started-with-computer-vision-in-azure/06_6-knowledge-check.md,yes,yes,Get started with computer vision in Azure,Module assessment,2026-05-29T18:53:57Z,complete,Copied from local AI-901 Microsoft Learn capture.
get-started-with-ai-applications-and-agents-on-azure_get-started-with-computer-vision-in-azure_07,ai-901,microsoft-learn-paths,Summary,learning-unit,https://learn.microsoft.com/en-us/training/modules/get-started-vision-azure/7-summary/,microsoft-learn-paths/get-started-with-ai-applications-and-agents-on-azure/modules/05_get-started-with-computer-vision-in-azure/07_7-summary.md,yes,yes,Get started with computer vision in Azure,Summary,2026-05-29T18:53:57Z,complete,Copied from local AI-901 Microsoft Learn capture.
get-started-with-ai-applications-and-agents-on-azure_get-started-with-ai-powered-information-extraction-in-azure_01,ai-901,microsoft-learn-paths,Introduction,learning-unit,https://learn.microsoft.com/en-us/training/modules/get-started-information-extraction/1-introduction/,microsoft-learn-paths/get-started-with-ai-applications-and-agents-on-azure/modules/06_get-started-with-ai-powered-information-extraction-in-azure,no,no,Get started with AI-powered information extraction in Azure,Introduction,2026-05-29T18:53:57Z,incomplete,Copied from local AI-901 Microsoft Learn capture.
get-started-with-ai-applications-and-agents-on-azure_get-started-with-ai-powered-information-extraction-in-azure_02,ai-901,microsoft-learn-paths,Extract information from documents,learning-unit,https://learn.microsoft.com/en-us/training/modules/get-started-information-extraction/2-documents/,microsoft-learn-paths/get-started-with-ai-applications-and-agents-on-azure/modules/06_get-started-with-ai-powered-information-extraction-in-azure,no,no,Get started with AI-powered information extraction in Azure,Extract information from documents,2026-05-29T18:53:57Z,incomplete,Copied from local AI-901 Microsoft Learn capture.
get-started-with-ai-applications-and-agents-on-azure_get-started-with-ai-powered-information-extraction-in-azure_03,ai-901,microsoft-learn-paths,Extract information from audio and video,learning-unit,https://learn.microsoft.com/en-us/training/modules/get-started-information-extraction/3-audio-video/,microsoft-learn-paths/get-started-with-ai-applications-and-agents-on-azure/modules/06_get-started-with-ai-powered-information-extraction-in-azure,no,no,Get started with AI-powered information extraction in Azure,Extract information from audio and video,2026-05-29T18:53:57Z,incomplete,Copied from local AI-901 Microsoft Learn capture.
get-started-with-ai-applications-and-agents-on-azure_get-started-with-ai-powered-information-extraction-in-azure_04,ai-901,microsoft-learn-paths,Exercise - Get started with information extraction in Microsoft Foundry,learning-unit,https://learn.microsoft.com/en-us/training/modules/get-started-information-extraction/4-exercise/,microsoft-learn-paths/get-started-with-ai-applications-and-agents-on-azure/modules/06_get-started-with-ai-powered-information-extraction-in-azure,no,no,Get started with AI-powered information extraction in Azure,Exercise - Get started with information extraction in Microsoft Foundry,2026-05-29T18:53:57Z,incomplete,Copied from local AI-901 Microsoft Learn capture.
get-started-with-ai-applications-and-agents-on-azure_get-started-with-ai-powered-information-extraction-in-azure_05,ai-901,microsoft-learn-paths,Module assessment,learning-unit,https://learn.microsoft.com/en-us/training/modules/get-started-information-extraction/5-knowledge-check/,microsoft-learn-paths/get-started-with-ai-applications-and-agents-on-azure/modules/06_get-started-with-ai-powered-information-extraction-in-azure,no,no,Get started with AI-powered information extraction in Azure,Module assessment,2026-05-29T18:53:57Z,incomplete,Copied from local AI-901 Microsoft Learn capture.
get-started-with-ai-applications-and-agents-on-azure_get-started-with-ai-powered-information-extraction-in-azure_06,ai-901,microsoft-learn-paths,Summary,learning-unit,https://learn.microsoft.com/en-us/training/modules/get-started-information-extraction/6-summary/,microsoft-learn-paths/get-started-with-ai-applications-and-agents-on-azure/modules/06_get-started-with-ai-powered-information-extraction-in-azure/06_6-summary.md,no,yes,Get started with AI-powered information extraction in Azure,Summary,2026-05-29T18:53:57Z,complete,Copied from local AI-901 Microsoft Learn capture.
