old_path,new_path
C:\Users\marti\OneDrive\Desktop\Horizon Archive\Simplilearn Training Files\Course 4_ Applied Data Science with Python-20260529T184832Z-3-001\Course 4_ Applied Data Science with Python\Dataset\Lesson_08_Advanced_Statistics\Dataset\chi-test.csv,C:\Users\marti\OneDrive\Desktop\Horizon Archive\Simplilearn Training Files\Course 4_ Applied Data Science with Python-20260529T184832Z-3-001\Course 4_ Applied Data Science with Python\Dataset\Lesson_08_Advanced_Statistics\Dataset\chi_test.csv
C:\Users\marti\OneDrive\Desktop\Horizon Archive\Simplilearn Training Files\Course 5_ Machine Learning using Python-20260529T185524Z-3-001\Course 5_ Machine Learning using Python\Incremental_Capstone\Capstone Session 5\Capstone_Session_5.pdf,C:\Users\marti\OneDrive\Desktop\Horizon Archive\Simplilearn Training Files\Course 5_ Machine Learning using Python-20260529T185524Z-3-001\Course 5_ Machine Learning using Python\Incremental_Capstone\Capstone Session 5\Cap_Session_5.pdf
C:\Users\marti\OneDrive\Desktop\Horizon Archive\Simplilearn Training Files\Course 5_ Machine Learning using Python-20260529T185524Z-3-001\Course 5_ Machine Learning using Python\Incremental_Capstone\Capstone Session 5\FloridaBikeRentals.csv,C:\Users\marti\OneDrive\Desktop\Horizon Archive\Simplilearn Training Files\Course 5_ Machine Learning using Python-20260529T185524Z-3-001\Course 5_ Machine Learning using Python\Incremental_Capstone\Capstone Session 5\FloridaB.csv
C:\Users\marti\OneDrive\Desktop\Horizon Archive\Simplilearn Training Files\Course 5_ Machine Learning using Python-20260529T185524Z-3-001\Course 5_ Machine Learning using Python\Incremental_Capstone\Capstone Session 6\Capstone_Session_6.pdf,C:\Users\marti\OneDrive\Desktop\Horizon Archive\Simplilearn Training Files\Course 5_ Machine Learning using Python-20260529T185524Z-3-001\Course 5_ Machine Learning using Python\Incremental_Capstone\Capstone Session 6\Cap_Session_6.pdf
C:\Users\marti\OneDrive\Desktop\Horizon Archive\Simplilearn Training Files\Course 5_ Machine Learning using Python-20260529T185524Z-3-001\Course 5_ Machine Learning using Python\Incremental_Capstone\Capstone Session 7\Capstone_Session_7.pdf,C:\Users\marti\OneDrive\Desktop\Horizon Archive\Simplilearn Training Files\Course 5_ Machine Learning using Python-20260529T185524Z-3-001\Course 5_ Machine Learning using Python\Incremental_Capstone\Capstone Session 7\Cap_Session_7.pdf
C:\Users\marti\OneDrive\Desktop\Horizon Archive\Simplilearn Training Files\Course 5_ Machine Learning using Python-20260529T185524Z-3-001\Course 5_ Machine Learning using Python\Incremental_Capstone\Capstone Session 8\Capstone_Session_8.pdf,C:\Users\marti\OneDrive\Desktop\Horizon Archive\Simplilearn Training Files\Course 5_ Machine Learning using Python-20260529T185524Z-3-001\Course 5_ Machine Learning using Python\Incremental_Capstone\Capstone Session 8\Cap_Session_8.pdf
C:\Users\marti\OneDrive\Desktop\Horizon Archive\Simplilearn Training Files\Course 6_ Deep Learning Specialization-20260529T185828Z-3-001\Course 6_ Deep Learning Specialization\Incremental_Capstone\Capstone Session 10\Capstone_Session_10.pdf,C:\Users\marti\OneDrive\Desktop\Horizon Archive\Simplilearn Training Files\Course 6_ Deep Learning Specialization-20260529T185828Z-3-001\Course 6_ Deep Learning Specialization\Incremental_Capstone\Capstone Session 10\Cap_Session_10.pdf
C:\Users\marti\OneDrive\Desktop\Horizon Archive\Simplilearn Training Files\Course 6_ Deep Learning Specialization-20260529T185828Z-3-001\Course 6_ Deep Learning Specialization\Incremental_Capstone\Capstone Session 10\Face_mask_detection.zip,C:\Users\marti\OneDrive\Desktop\Horizon Archive\Simplilearn Training Files\Course 6_ Deep Learning Specialization-20260529T185828Z-3-001\Course 6_ Deep Learning Specialization\Incremental_Capstone\Capstone Session 10\Face_mask_Detect.zip
C:\Users\marti\OneDrive\Desktop\Horizon Archive\Simplilearn Training Files\Course 6_ Deep Learning Specialization-20260529T185828Z-3-001\Course 6_ Deep Learning Specialization\Incremental_Capstone\Capstone Session 11\Capstone_Session_11.pdf,C:\Users\marti\OneDrive\Desktop\Horizon Archive\Simplilearn Training Files\Course 6_ Deep Learning Specialization-20260529T185828Z-3-001\Course 6_ Deep Learning Specialization\Incremental_Capstone\Capstone Session 11\Cap_Session_11.pdf
C:\Users\marti\OneDrive\Desktop\Horizon Archive\Simplilearn Training Files\Course 6_ Deep Learning Specialization-20260529T185828Z-3-001\Course 6_ Deep Learning Specialization\Incremental_Capstone\Capstone Session 12\Capstone_Session_12.pdf,C:\Users\marti\OneDrive\Desktop\Horizon Archive\Simplilearn Training Files\Course 6_ Deep Learning Specialization-20260529T185828Z-3-001\Course 6_ Deep Learning Specialization\Incremental_Capstone\Capstone Session 12\Cap_Session_12.pdf
C:\Users\marti\OneDrive\Desktop\Horizon Archive\Simplilearn Training Files\Course 5_ Machine Learning using Python-20260529T185524Z-3-001\Course 5_ Machine Learning using Python\Incremental_Capstone\Capstone Session 6\adultcensusincome.csv,C:\Users\marti\OneDrive\Desktop\Horizon Archive\Simplilearn Training Files\Course 5_ Machine Learning using Python-20260529T185524Z-3-001\Course 5_ Machine Learning using Python\Incremental_Capstone\Capstone Session 6\adultcen.csv
C:\Users\marti\OneDrive\Desktop\Horizon Archive\Simplilearn Training Files\Course 4_ Applied Data Science with Python-20260529T184832Z-3-001\Course 4_ Applied Data Science with Python\Incremental_Capstone\Capstone 1\Capstone_Session_1.pdf,C:\Users\marti\OneDrive\Desktop\Horizon Archive\Simplilearn Training Files\Course 4_ Applied Data Science with Python-20260529T184832Z-3-001\Course 4_ Applied Data Science with Python\Incremental_Capstone\Capstone 1\Cap_Session_1.pdf
C:\Users\marti\OneDrive\Desktop\Horizon Archive\Simplilearn Training Files\Course 4_ Applied Data Science with Python-20260529T184832Z-3-001\Course 4_ Applied Data Science with Python\Incremental_Capstone\Capstone 2\Capstone_Session_2.pdf,C:\Users\marti\OneDrive\Desktop\Horizon Archive\Simplilearn Training Files\Course 4_ Applied Data Science with Python-20260529T184832Z-3-001\Course 4_ Applied Data Science with Python\Incremental_Capstone\Capstone 2\Cap_Session_2.pdf
C:\Users\marti\OneDrive\Desktop\Horizon Archive\Simplilearn Training Files\Course 4_ Applied Data Science with Python-20260529T184832Z-3-001\Course 4_ Applied Data Science with Python\Incremental_Capstone\Capstone 3\Capstone_Session_3.pdf,C:\Users\marti\OneDrive\Desktop\Horizon Archive\Simplilearn Training Files\Course 4_ Applied Data Science with Python-20260529T184832Z-3-001\Course 4_ Applied Data Science with Python\Incremental_Capstone\Capstone 3\Cap_Session_3.pdf
C:\Users\marti\OneDrive\Desktop\Horizon Archive\Simplilearn Training Files\Course 4_ Applied Data Science with Python-20260529T184832Z-3-001\Course 4_ Applied Data Science with Python\Incremental_Capstone\Capstone 4\Capstone_Session_4.pdf,C:\Users\marti\OneDrive\Desktop\Horizon Archive\Simplilearn Training Files\Course 4_ Applied Data Science with Python-20260529T184832Z-3-001\Course 4_ Applied Data Science with Python\Incremental_Capstone\Capstone 4\Cap_Session_4.pdf
C:\Users\marti\OneDrive\Desktop\Horizon Archive\Simplilearn Training Files\Course 6_ Deep Learning Specialization-20260529T185828Z-3-001\Course 6_ Deep Learning Specialization\Course_End_Project_Dataset\Home_Loan_Dataset\loan_data (1).csv,C:\Users\marti\OneDrive\Desktop\Horizon Archive\Simplilearn Training Files\Course 6_ Deep Learning Specialization-20260529T185828Z-3-001\Course 6_ Deep Learning Specialization\Course_End_Project_Dataset\Home_Loan_Dataset\loan_Data_(1).csv
C:\Users\marti\OneDrive\Desktop\Horizon Archive\Simplilearn Training Files\Course 6_ Deep Learning Specialization-20260529T185828Z-3-001\Course 6_ Deep Learning Specialization\Incremental_Capstone\Capstone Session 9\Capstone_Session_9.pdf,C:\Users\marti\OneDrive\Desktop\Horizon Archive\Simplilearn Training Files\Course 6_ Deep Learning Specialization-20260529T185828Z-3-001\Course 6_ Deep Learning Specialization\Incremental_Capstone\Capstone Session 9\Cap_Session_9.pdf
C:\Users\marti\OneDrive\Desktop\Horizon Archive\Simplilearn Training Files\Course 6_ Deep Learning Specialization-20260529T185828Z-3-001\Course 6_ Deep Learning Specialization\Course_End_Project_Dataset\Lending_Dataset\loan_data (2).csv,C:\Users\marti\OneDrive\Desktop\Horizon Archive\Simplilearn Training Files\Course 6_ Deep Learning Specialization-20260529T185828Z-3-001\Course 6_ Deep Learning Specialization\Course_End_Project_Dataset\Lending_Dataset\loan_Data_(2).csv
C:\Users\marti\OneDrive\Desktop\Horizon Archive\Simplilearn Training Files\Course 5_ Machine Learning using Python-20260529T185524Z-3-001\Course 5_ Machine Learning using Python\Incremental_Capstone\Capstone Session 7\CC GENERAL.csv,C:\Users\marti\OneDrive\Desktop\Horizon Archive\Simplilearn Training Files\Course 5_ Machine Learning using Python-20260529T185524Z-3-001\Course 5_ Machine Learning using Python\Incremental_Capstone\Capstone Session 7\CC_GENERAL.csv
C:\Users\marti\OneDrive\Desktop\Horizon Archive\Simplilearn Training Files\Course 6_ Deep Learning Specialization-20260529T185828Z-3-001\Course 6_ Deep Learning Specialization\Dataset\Lesson_11_Recurrent_Neural_Networks\bbc-text.csv,C:\Users\marti\OneDrive\Desktop\Horizon Archive\Simplilearn Training Files\Course 6_ Deep Learning Specialization-20260529T185828Z-3-001\Course 6_ Deep Learning Specialization\Dataset\Lesson_11_Recurrent_Neural_Networks\bbc_text.csv
C:\Users\marti\OneDrive\Desktop\Horizon Archive\Simplilearn Training Files\Course 5_ Machine Learning using Python-20260529T185524Z-3-001\Course 5_ Machine Learning using Python\Datasets\Lesson_07_Recommendation_Systems\u.data,C:\Users\marti\OneDrive\Desktop\Horizon Archive\Simplilearn Training Files\Course 5_ Machine Learning using Python-20260529T185524Z-3-001\Course 5_ Machine Learning using Python\Datasets\Lesson_07_Recommendation_Systems\u_it.data
C:\Users\marti\OneDrive\Desktop\Horizon Archive\Simplilearn Training Files\Course 4_ Applied Data Science with Python-20260529T184832Z-3-001\Course 4_ Applied Data Science with Python\Lab_Guide\Lab Guide.pdf,C:\Users\marti\OneDrive\Desktop\Horizon Archive\Simplilearn Training Files\Course 4_ Applied Data Science with Python-20260529T184832Z-3-001\Course 4_ Applied Data Science with Python\Lab_Guide\Lab_Guide.pdf
C:\Users\marti\OneDrive\Desktop\Horizon Archive\Simplilearn Training Files\Course 5_ Machine Learning using Python-20260529T185524Z-3-001\Course 5_ Machine Learning using Python\Lab_Guide\Lab Guide.pdf,C:\Users\marti\OneDrive\Desktop\Horizon Archive\Simplilearn Training Files\Course 5_ Machine Learning using Python-20260529T185524Z-3-001\Course 5_ Machine Learning using Python\Lab_Guide\Lab_Guide.pdf
C:\Users\marti\OneDrive\Desktop\Horizon Archive\Simplilearn Training Files\Course 6_ Deep Learning Specialization-20260529T185828Z-3-001\Course 6_ Deep Learning Specialization\Lab_Guide\Lab Guide.pdf,C:\Users\marti\OneDrive\Desktop\Horizon Archive\Simplilearn Training Files\Course 6_ Deep Learning Specialization-20260529T185828Z-3-001\Course 6_ Deep Learning Specialization\Lab_Guide\Lab_Guide.pdf
C:\Users\marti\OneDrive\Desktop\Horizon Archive\Simplilearn Training Files\Course 3_ Python for AI\C3_Py_for_AI\Demos\L02_Data_Struct_Cond_Stmt_Loop\Demo_5_Unders_If_Elif_Condit_Loops_i.ipynb,C:\Users\marti\OneDrive\Desktop\Horizon Archive\Simplilearn Training Files\Course 3_ Python for AI\C3_Py_for_AI\Demos\L02_Data_Struct_Cond_Stmt_Loop\Demo_5_Unders_If_Elif_Condit_Loops.ipynb
C:\Users\marti\OneDrive\Desktop\Horizon Archive\Simplilearn Training Files\Course 3_ Python for AI\C3_Py_for_AI\Demos\L03_Funcs_OOPs_File_Err_Handli\Demo_4_Genera_Lambda_Built_in_Funcs.ipynb,C:\Users\marti\OneDrive\Desktop\Horizon Archive\Simplilearn Training Files\Course 3_ Python for AI\C3_Py_for_AI\Demos\L03_Funcs_OOPs_File_Err_Handli\Demo_4_Genera_Lambda_Built_in_Func.ipynb
C:\Users\marti\OneDrive\Desktop\Horizon Archive\Simplilearn Training Files\Course 3_ Python for AI\C3_Py_for_AI\Demos\L04_Practi_Use_AI_Code_Gen_Too\Demo_01_Instal_GitHub_Copilo_in_Visu.pdf,C:\Users\marti\OneDrive\Desktop\Horizon Archive\Simplilearn Training Files\Course 3_ Python for AI\C3_Py_for_AI\Demos\L04_Practi_Use_AI_Code_Gen_Too\Demo_01_Instal_GitHub_Copilo_in_Vi.pdf
C:\Users\marti\OneDrive\Desktop\Horizon Archive\Simplilearn Training Files\Course 3_ Python for AI\C3_Py_for_AI\Demos\L04_Practi_Use_AI_Code_Gen_Too\Demo_02_Custom_Copilo_Settin_in_VS_C.pdf,C:\Users\marti\OneDrive\Desktop\Horizon Archive\Simplilearn Training Files\Course 3_ Python for AI\C3_Py_for_AI\Demos\L04_Practi_Use_AI_Code_Gen_Too\Demo_02_Custom_Copilo_Settin_in_VS.pdf
C:\Users\marti\OneDrive\Desktop\Horizon Archive\Simplilearn Training Files\Course 3_ Python for AI\C3_Py_for_AI\Demos\L04_Practi_Use_AI_Code_Gen_Too\Demo_03_Analyz_AI_Respon_Differ_Prom.pdf,C:\Users\marti\OneDrive\Desktop\Horizon Archive\Simplilearn Training Files\Course 3_ Python for AI\C3_Py_for_AI\Demos\L04_Practi_Use_AI_Code_Gen_Too\Demo_03_Analyz_AI_Respon_Differ_Pr.pdf
C:\Users\marti\OneDrive\Desktop\Horizon Archive\Simplilearn Training Files\Course 3_ Python for AI\C3_Py_for_AI\Demos\L04_Practi_Use_AI_Code_Gen_Too\Demo_04_Creati_Functi_Using_GitHub_C.pdf,C:\Users\marti\OneDrive\Desktop\Horizon Archive\Simplilearn Training Files\Course 3_ Python for AI\C3_Py_for_AI\Demos\L04_Practi_Use_AI_Code_Gen_Too\Demo_04_Creati_Functi_Using_GitHub.pdf
C:\Users\marti\OneDrive\Desktop\Horizon Archive\Simplilearn Training Files\Course 3_ Python for AI\C3_Py_for_AI\Demos\L04_Practi_Use_AI_Code_Gen_Too\Demo_05_Debugg_AI_Genera_Code_Using.pdf,C:\Users\marti\OneDrive\Desktop\Horizon Archive\Simplilearn Training Files\Course 3_ Python for AI\C3_Py_for_AI\Demos\L04_Practi_Use_AI_Code_Gen_Too\Demo_05_Debugg_AI_Genera_Code_Usin.pdf
C:\Users\marti\OneDrive\Desktop\Horizon Archive\Simplilearn Training Files\Course 3_ Python for AI\C3_Py_for_AI\Demos\L01_Intro_Py_Fund_Setup\Demo_02_Instal_Jupyte_NB_Using_Anaco.pdf,C:\Users\marti\OneDrive\Desktop\Horizon Archive\Simplilearn Training Files\Course 3_ Python for AI\C3_Py_for_AI\Demos\L01_Intro_Py_Fund_Setup\Demo_02_Instal_Jupyte_NB_Using_Ana.pdf
C:\Users\marti\OneDrive\Desktop\Horizon Archive\Simplilearn Training Files\Course 3_ Python for AI\C3_Py_for_AI\Demos\L01_Intro_Py_Fund_Setup\Demo_05_Storin_User_Inform_Using_Dif.pdf,C:\Users\marti\OneDrive\Desktop\Horizon Archive\Simplilearn Training Files\Course 3_ Python for AI\C3_Py_for_AI\Demos\L01_Intro_Py_Fund_Setup\Demo_05_Storin_User_Inform_Using_D.pdf
C:\Users\marti\OneDrive\Desktop\Horizon Archive\Simplilearn Training Files\Course 3_ Python for AI\C3_Py_for_AI\Demos\L01_Intro_Py_Fund_Setup\Demo_06_Compar_Number_Using_Py_Opera.pdf,C:\Users\marti\OneDrive\Desktop\Horizon Archive\Simplilearn Training Files\Course 3_ Python for AI\C3_Py_for_AI\Demos\L01_Intro_Py_Fund_Setup\Demo_06_Compar_Number_Using_Py_Ope.pdf
C:\Users\marti\OneDrive\Desktop\Horizon Archive\Simplilearn Training Files\Course 3_ Python for AI\C3_Py_for_AI\Guided_Pract\L01_Guided_Practi_Intro_Py_Fund_Setu.pdf,C:\Users\marti\OneDrive\Desktop\Horizon Archive\Simplilearn Training Files\Course 3_ Python for AI\C3_Py_for_AI\Guided_Pract\L01_Guided_Practi_Intro_Py_Fund_Se.pdf
C:\Users\marti\OneDrive\Desktop\Horizon Archive\Simplilearn Training Files\Course 3_ Python for AI\C3_Py_for_AI\Instr_Slides\L03_Funcs_OOPs_File_Err_Handling_(1).pdf,C:\Users\marti\OneDrive\Desktop\Horizon Archive\Simplilearn Training Files\Course 3_ Python for AI\C3_Py_for_AI\Instr_Slides\L03_Funcs_OOPs_File_Err_Handli_(1).pdf
C:\Users\marti\OneDrive\Desktop\Horizon Archive\Simplilearn Training Files\Course 3_ Python for AI\C3_Py_for_AI\Instr_Slides\L04_Practical_Use_AI_Code_Gen_Tools.pdf,C:\Users\marti\OneDrive\Desktop\Horizon Archive\Simplilearn Training Files\Course 3_ Python for AI\C3_Py_for_AI\Instr_Slides\L04_Practi_Use_AI_Code_Gen_Tools.pdf
C:\Users\marti\OneDrive\Desktop\Horizon Archive\Simplilearn Training Files\Course 3_ Python for AI\C3_Py_for_AI\Guided_Pract\L04_Guided_Practice_PR.pdf,C:\Users\marti\OneDrive\Desktop\Horizon Archive\Simplilearn Training Files\Course 3_ Python for AI\C3_Py_for_AI\Guided_Pract\L04_Guided_Pract_PR.pdf
C:\Users\marti\OneDrive\Desktop\Horizon Archive\Simplilearn Training Files\Course 5_ Machine Learning using Python-20260529T185524Z-3-001\Course 5_ Machine Learning using Python\Datasets\CEP_Datasets\Mercedes Benz Greener Manufacturing Datasets,C:\Users\marti\OneDrive\Desktop\Horizon Archive\Simplilearn Training Files\Course 5_ Machine Learning using Python-20260529T185524Z-3-001\Course 5_ Machine Learning using Python\Datasets\CEP_Datasets\Merced_Benz_Greene_Manufa_Da
C:\Users\marti\OneDrive\Desktop\Horizon Archive\Simplilearn Training Files\Course 6_ Deep Learning Specialization-20260529T185828Z-3-001\Course 6_ Deep Learning Specialization\Instructor_Slides_and_Notebook\Lesson_12_Transformer_Models_for_NLP,C:\Users\marti\OneDrive\Desktop\Horizon Archive\Simplilearn Training Files\Course 6_ Deep Learning Specialization-20260529T185828Z-3-001\Course 6_ Deep Learning Specialization\Instructor_Slides_and_Notebook\L12_Transf_Models_for_NLP
C:\Users\marti\OneDrive\Desktop\Horizon Archive\Simplilearn Training Files\Course 4_ Applied Data Science with Python-20260529T184832Z-3-001\Course 4_ Applied Data Science with Python\Dataset\Lesson_09_Data_Wrangling\Assisted_Practice_Dataset,C:\Users\marti\OneDrive\Desktop\Horizon Archive\Simplilearn Training Files\Course 4_ Applied Data Science with Python-20260529T184832Z-3-001\Course 4_ Applied Data Science with Python\Dataset\Lesson_09_Data_Wrangling\Assisted_Pract_Data
C:\Users\marti\OneDrive\Desktop\Horizon Archive\Simplilearn Training Files\Course 5_ Machine Learning using Python-20260529T185524Z-3-001\Course 5_ Machine Learning using Python\Instructor_Slides_and_Notebooks\Lesson_07_Recommendation_Systems,C:\Users\marti\OneDrive\Desktop\Horizon Archive\Simplilearn Training Files\Course 5_ Machine Learning using Python-20260529T185524Z-3-001\Course 5_ Machine Learning using Python\Instructor_Slides_and_Notebooks\L07_Reco_Systems
C:\Users\marti\OneDrive\Desktop\Horizon Archive\Simplilearn Training Files\Course 6_ Deep Learning Specialization-20260529T185828Z-3-001\Course 6_ Deep Learning Specialization\Instructor_Slides_and_Notebook\Lesson_03_Artificial_Neural_Network,C:\Users\marti\OneDrive\Desktop\Horizon Archive\Simplilearn Training Files\Course 6_ Deep Learning Specialization-20260529T185828Z-3-001\Course 6_ Deep Learning Specialization\Instructor_Slides_and_Notebook\L03_Artif_Neural_Net
C:\Users\marti\OneDrive\Desktop\Horizon Archive\Simplilearn Training Files\Course 6_ Deep Learning Specialization-20260529T185828Z-3-001\Course 6_ Deep Learning Specialization\Instructor_Slides_and_Notebook\Lesson_11_Recurrent_Neural_Network,C:\Users\marti\OneDrive\Desktop\Horizon Archive\Simplilearn Training Files\Course 6_ Deep Learning Specialization-20260529T185828Z-3-001\Course 6_ Deep Learning Specialization\Instructor_Slides_and_Notebook\L11_Rec_Neural_Net
C:\Users\marti\OneDrive\Desktop\Horizon Archive\Simplilearn Training Files\Course 5_ Machine Learning using Python-20260529T185524Z-3-001\Course 5_ Machine Learning using Python\Instructor_Slides_and_Notebooks\Lesson_01_Course_Introduction,C:\Users\marti\OneDrive\Desktop\Horizon Archive\Simplilearn Training Files\Course 5_ Machine Learning using Python-20260529T185524Z-3-001\Course 5_ Machine Learning using Python\Instructor_Slides_and_Notebooks\L01_C_Intro
C:\Users\marti\OneDrive\Desktop\Horizon Archive\Simplilearn Training Files\Course 4_ Applied Data Science with Python-20260529T184832Z-3-001\Course 4_ Applied Data Science with Python\Instructor_Slides_and_Notebook_Updated\Lesson_03_Numpy,C:\Users\marti\OneDrive\Desktop\Horizon Archive\Simplilearn Training Files\Course 4_ Applied Data Science with Python-20260529T184832Z-3-001\Course 4_ Applied Data Science with Python\Instructor_Slides_and_Notebook_Updated\L03_NumPy
C:\Users\marti\OneDrive\Desktop\Horizon Archive\Simplilearn Training Files\Course 5_ Machine Learning using Python-20260529T185524Z-3-001\Course 5_ Machine Learning using Python\Instructor_Slides_and_Notebooks\Lesson_05_Ensemble_Learning,C:\Users\marti\OneDrive\Desktop\Horizon Archive\Simplilearn Training Files\Course 5_ Machine Learning using Python-20260529T185524Z-3-001\Course 5_ Machine Learning using Python\Instructor_Slides_and_Notebooks\L05_Ensemble_Learn
C:\Users\marti\OneDrive\Desktop\Horizon Archive\Simplilearn Training Files\Course 6_ Deep Learning Specialization-20260529T185828Z-3-001\Course 6_ Deep Learning Specialization\Instructor_Slides_and_Notebook\Lesson_01_Course_Introduction,C:\Users\marti\OneDrive\Desktop\Horizon Archive\Simplilearn Training Files\Course 6_ Deep Learning Specialization-20260529T185828Z-3-001\Course 6_ Deep Learning Specialization\Instructor_Slides_and_Notebook\L01_C_Intro
C:\Users\marti\OneDrive\Desktop\Horizon Archive\Simplilearn Training Files\Course 6_ Deep Learning Specialization-20260529T185828Z-3-001\Course 6_ Deep Learning Specialization\Instructor_Slides_and_Notebook\Lesson_04_Deep_Neural_Network,C:\Users\marti\OneDrive\Desktop\Horizon Archive\Simplilearn Training Files\Course 6_ Deep Learning Specialization-20260529T185828Z-3-001\Course 6_ Deep Learning Specialization\Instructor_Slides_and_Notebook\L04_DL_Neural_Net
C:\Users\marti\OneDrive\Desktop\Horizon Archive\Simplilearn Training Files\Course 6_ Deep Learning Specialization-20260529T185828Z-3-001\Course 6_ Deep Learning Specialization\Instructor_Slides_and_Notebook\Lesson_09_Transfer_Learning,C:\Users\marti\OneDrive\Desktop\Horizon Archive\Simplilearn Training Files\Course 6_ Deep Learning Specialization-20260529T185828Z-3-001\Course 6_ Deep Learning Specialization\Instructor_Slides_and_Notebook\L09_Transfer_Learn
C:\Users\marti\OneDrive\Desktop\Horizon Archive\Simplilearn Training Files\Course 6_ Deep Learning Specialization-20260529T185828Z-3-001\Course 6_ Deep Learning Specialization\Instructor_Slides_and_Notebook\Lesson_10_Object_Detection,C:\Users\marti\OneDrive\Desktop\Horizon Archive\Simplilearn Training Files\Course 6_ Deep Learning Specialization-20260529T185828Z-3-001\Course 6_ Deep Learning Specialization\Instructor_Slides_and_Notebook\L10_Obj_Detect
C:\Users\marti\OneDrive\Desktop\Horizon Archive\Simplilearn Training Files\Course 4_ Applied Data Science with Python-20260529T184832Z-3-001\Course 4_ Applied Data Science with Python\Dataset\Lesson_04_Working_With_Pandas\Dataset,C:\Users\marti\OneDrive\Desktop\Horizon Archive\Simplilearn Training Files\Course 4_ Applied Data Science with Python-20260529T184832Z-3-001\Course 4_ Applied Data Science with Python\Dataset\Lesson_04_Working_With_Pandas\Data
C:\Users\marti\OneDrive\Desktop\Horizon Archive\Simplilearn Training Files\Course 4_ Applied Data Science with Python-20260529T184832Z-3-001\Course 4_ Applied Data Science with Python\Dataset\Lesson_08_Advanced_Statistics\Dataset,C:\Users\marti\OneDrive\Desktop\Horizon Archive\Simplilearn Training Files\Course 4_ Applied Data Science with Python-20260529T184832Z-3-001\Course 4_ Applied Data Science with Python\Dataset\Lesson_08_Advanced_Statistics\Data
C:\Users\marti\OneDrive\Desktop\Horizon Archive\Simplilearn Training Files\Course 4_ Applied Data Science with Python-20260529T184832Z-3-001\Course 4_ Applied Data Science with Python\Dataset\Lesson_10_Feature_Engineering\Dataset,C:\Users\marti\OneDrive\Desktop\Horizon Archive\Simplilearn Training Files\Course 4_ Applied Data Science with Python-20260529T184832Z-3-001\Course 4_ Applied Data Science with Python\Dataset\Lesson_10_Feature_Engineering\Data
C:\Users\marti\OneDrive\Desktop\Horizon Archive\Simplilearn Training Files\Course 5_ Machine Learning using Python-20260529T185524Z-3-001\Course 5_ Machine Learning using Python\Datasets\Lesson_06_Unsupervised_Learning_Algorithms,C:\Users\marti\OneDrive\Desktop\Horizon Archive\Simplilearn Training Files\Course 5_ Machine Learning using Python-20260529T185524Z-3-001\Course 5_ Machine Learning using Python\Datasets\L06_Unsup_Learn_Algos
C:\Users\marti\OneDrive\Desktop\Horizon Archive\Simplilearn Training Files\Course 4_ Applied Data Science with Python-20260529T184832Z-3-001\Course 4_ Applied Data Science with Python\Dataset\Lesson_05_Data_Visualization\Dataset,C:\Users\marti\OneDrive\Desktop\Horizon Archive\Simplilearn Training Files\Course 4_ Applied Data Science with Python-20260529T184832Z-3-001\Course 4_ Applied Data Science with Python\Dataset\Lesson_05_Data_Visualization\Data
C:\Users\marti\OneDrive\Desktop\Horizon Archive\Simplilearn Training Files\Course 6_ Deep Learning Specialization-20260529T185828Z-3-001\Course 6_ Deep Learning Specialization\Instructor_Slides_and_Notebook\Lesson_05_TensorFlow,C:\Users\marti\OneDrive\Desktop\Horizon Archive\Simplilearn Training Files\Course 6_ Deep Learning Specialization-20260529T185828Z-3-001\Course 6_ Deep Learning Specialization\Instructor_Slides_and_Notebook\L05_TensorFlow
C:\Users\marti\OneDrive\Desktop\Horizon Archive\Simplilearn Training Files\Course 4_ Applied Data Science with Python-20260529T184832Z-3-001\Course 4_ Applied Data Science with Python\Dataset\Lesson_07_Probability_Distribution,C:\Users\marti\OneDrive\Desktop\Horizon Archive\Simplilearn Training Files\Course 4_ Applied Data Science with Python-20260529T184832Z-3-001\Course 4_ Applied Data Science with Python\Dataset\L07_Prob_Dist
C:\Users\marti\OneDrive\Desktop\Horizon Archive\Simplilearn Training Files\Course 6_ Deep Learning Specialization-20260529T185828Z-3-001\Course 6_ Deep Learning Specialization\Instructor_Slides_and_Notebook\Lesson_06_PyTorch,C:\Users\marti\OneDrive\Desktop\Horizon Archive\Simplilearn Training Files\Course 6_ Deep Learning Specialization-20260529T185828Z-3-001\Course 6_ Deep Learning Specialization\Instructor_Slides_and_Notebook\L06_PyTorch
C:\Users\marti\OneDrive\Desktop\Horizon Archive\Simplilearn Training Files\Course 4_ Applied Data Science with Python-20260529T184832Z-3-001\Course 4_ Applied Data Science with Python\Instructor_Slides_and_Notebook_Updated,C:\Users\marti\OneDrive\Desktop\Horizon Archive\Simplilearn Training Files\Course 4_ Applied Data Science with Python-20260529T184832Z-3-001\Course 4_ Applied Data Science with Python\Instr_Slides_NB_Upd
C:\Users\marti\OneDrive\Desktop\Horizon Archive\Simplilearn Training Files\Course 6_ Deep Learning Specialization-20260529T185828Z-3-001\Course 6_ Deep Learning Specialization\Dataset\Lesson_08_Convolutional_Neural_Network,C:\Users\marti\OneDrive\Desktop\Horizon Archive\Simplilearn Training Files\Course 6_ Deep Learning Specialization-20260529T185828Z-3-001\Course 6_ Deep Learning Specialization\Dataset\L08_Conv_Neural_Net
C:\Users\marti\OneDrive\Desktop\Horizon Archive\Simplilearn Training Files\Course 4_ Applied Data Science with Python-20260529T184832Z-3-001\Course 4_ Applied Data Science with Python\Dataset\Lesson_04_Working_With_Pandas,C:\Users\marti\OneDrive\Desktop\Horizon Archive\Simplilearn Training Files\Course 4_ Applied Data Science with Python-20260529T184832Z-3-001\Course 4_ Applied Data Science with Python\Dataset\L04_Work_Pandas
C:\Users\marti\OneDrive\Desktop\Horizon Archive\Simplilearn Training Files\Course 4_ Applied Data Science with Python-20260529T184832Z-3-001\Course 4_ Applied Data Science with Python\Dataset\Lesson_08_Advanced_Statistics,C:\Users\marti\OneDrive\Desktop\Horizon Archive\Simplilearn Training Files\Course 4_ Applied Data Science with Python-20260529T184832Z-3-001\Course 4_ Applied Data Science with Python\Dataset\L08_Adv_Stats
C:\Users\marti\OneDrive\Desktop\Horizon Archive\Simplilearn Training Files\Course 4_ Applied Data Science with Python-20260529T184832Z-3-001\Course 4_ Applied Data Science with Python\Dataset\Lesson_10_Feature_Engineering,C:\Users\marti\OneDrive\Desktop\Horizon Archive\Simplilearn Training Files\Course 4_ Applied Data Science with Python-20260529T184832Z-3-001\Course 4_ Applied Data Science with Python\Dataset\L10_Feat_Eng
C:\Users\marti\OneDrive\Desktop\Horizon Archive\Simplilearn Training Files\Course 4_ Applied Data Science with Python-20260529T184832Z-3-001\Course 4_ Applied Data Science with Python\Dataset\Lesson 12_Data_Visualization,C:\Users\marti\OneDrive\Desktop\Horizon Archive\Simplilearn Training Files\Course 4_ Applied Data Science with Python-20260529T184832Z-3-001\Course 4_ Applied Data Science with Python\Dataset\L12_Data_Viz
C:\Users\marti\OneDrive\Desktop\Horizon Archive\Simplilearn Training Files\Course 4_ Applied Data Science with Python-20260529T184832Z-3-001\Course 4_ Applied Data Science with Python\Dataset\Lesson_05_Data_Visualization,C:\Users\marti\OneDrive\Desktop\Horizon Archive\Simplilearn Training Files\Course 4_ Applied Data Science with Python-20260529T184832Z-3-001\Course 4_ Applied Data Science with Python\Dataset\L05_Data_Viz
C:\Users\marti\OneDrive\Desktop\Horizon Archive\Simplilearn Training Files\Course 6_ Deep Learning Specialization-20260529T185828Z-3-001\Course 6_ Deep Learning Specialization\Course_End_Project_Dataset\Home_Loan_Dataset,C:\Users\marti\OneDrive\Desktop\Horizon Archive\Simplilearn Training Files\Course 6_ Deep Learning Specialization-20260529T185828Z-3-001\Course 6_ Deep Learning Specialization\Course_End_Project_Dataset\Home_Loan_Data
C:\Users\marti\OneDrive\Desktop\Horizon Archive\Simplilearn Training Files\Course 5_ Machine Learning using Python-20260529T185524Z-3-001\Course 5_ Machine Learning using Python\Datasets\Lesson_07_Recommendation_Systems,C:\Users\marti\OneDrive\Desktop\Horizon Archive\Simplilearn Training Files\Course 5_ Machine Learning using Python-20260529T185524Z-3-001\Course 5_ Machine Learning using Python\Datasets\L07_Reco_Systems
C:\Users\marti\OneDrive\Desktop\Horizon Archive\Simplilearn Training Files\Course 6_ Deep Learning Specialization-20260529T185828Z-3-001\Course 6_ Deep Learning Specialization\Dataset\Lesson_03_Artificial_Neural_Network,C:\Users\marti\OneDrive\Desktop\Horizon Archive\Simplilearn Training Files\Course 6_ Deep Learning Specialization-20260529T185828Z-3-001\Course 6_ Deep Learning Specialization\Dataset\L03_Artif_Neural_Net
C:\Users\marti\OneDrive\Desktop\Horizon Archive\Simplilearn Training Files\Course 6_ Deep Learning Specialization-20260529T185828Z-3-001\Course 6_ Deep Learning Specialization\Dataset\Lesson_11_Recurrent_Neural_Networks,C:\Users\marti\OneDrive\Desktop\Horizon Archive\Simplilearn Training Files\Course 6_ Deep Learning Specialization-20260529T185828Z-3-001\Course 6_ Deep Learning Specialization\Dataset\L11_Rec_Neural_Nets
C:\Users\marti\OneDrive\Desktop\Horizon Archive\Simplilearn Training Files\Course 6_ Deep Learning Specialization-20260529T185828Z-3-001\Course 6_ Deep Learning Specialization\Course_End_Project_Dataset\Lending_Dataset,C:\Users\marti\OneDrive\Desktop\Horizon Archive\Simplilearn Training Files\Course 6_ Deep Learning Specialization-20260529T185828Z-3-001\Course 6_ Deep Learning Specialization\Course_End_Project_Dataset\Lending_Data
C:\Users\marti\OneDrive\Desktop\Horizon Archive\Simplilearn Training Files\Course 5_ Machine Learning using Python-20260529T185524Z-3-001\Course 5_ Machine Learning using Python\Incremental_Capstone\Capstone Session 5,C:\Users\marti\OneDrive\Desktop\Horizon Archive\Simplilearn Training Files\Course 5_ Machine Learning using Python-20260529T185524Z-3-001\Course 5_ Machine Learning using Python\Incremental_Capstone\Cap_Session_5
C:\Users\marti\OneDrive\Desktop\Horizon Archive\Simplilearn Training Files\Course 5_ Machine Learning using Python-20260529T185524Z-3-001\Course 5_ Machine Learning using Python\Incremental_Capstone\Capstone Session 6,C:\Users\marti\OneDrive\Desktop\Horizon Archive\Simplilearn Training Files\Course 5_ Machine Learning using Python-20260529T185524Z-3-001\Course 5_ Machine Learning using Python\Incremental_Capstone\Cap_Session_6
C:\Users\marti\OneDrive\Desktop\Horizon Archive\Simplilearn Training Files\Course 5_ Machine Learning using Python-20260529T185524Z-3-001\Course 5_ Machine Learning using Python\Incremental_Capstone\Capstone Session 7,C:\Users\marti\OneDrive\Desktop\Horizon Archive\Simplilearn Training Files\Course 5_ Machine Learning using Python-20260529T185524Z-3-001\Course 5_ Machine Learning using Python\Incremental_Capstone\Cap_Session_7
C:\Users\marti\OneDrive\Desktop\Horizon Archive\Simplilearn Training Files\Course 5_ Machine Learning using Python-20260529T185524Z-3-001\Course 5_ Machine Learning using Python\Incremental_Capstone\Capstone Session 8,C:\Users\marti\OneDrive\Desktop\Horizon Archive\Simplilearn Training Files\Course 5_ Machine Learning using Python-20260529T185524Z-3-001\Course 5_ Machine Learning using Python\Incremental_Capstone\Cap_Session_8
C:\Users\marti\OneDrive\Desktop\Horizon Archive\Simplilearn Training Files\Course 4_ Applied Data Science with Python-20260529T184832Z-3-001\Course 4_ Applied Data Science with Python\Dataset\Lesson 11_Data_Wrangling,C:\Users\marti\OneDrive\Desktop\Horizon Archive\Simplilearn Training Files\Course 4_ Applied Data Science with Python-20260529T184832Z-3-001\Course 4_ Applied Data Science with Python\Dataset\L11_Data_Wrangling
C:\Users\marti\OneDrive\Desktop\Horizon Archive\Simplilearn Training Files\Course 4_ Applied Data Science with Python-20260529T184832Z-3-001\Course 4_ Applied Data Science with Python\Dataset\Lesson_09_Data_Wrangling,C:\Users\marti\OneDrive\Desktop\Horizon Archive\Simplilearn Training Files\Course 4_ Applied Data Science with Python-20260529T184832Z-3-001\Course 4_ Applied Data Science with Python\Dataset\L09_Data_Wrangling
C:\Users\marti\OneDrive\Desktop\Horizon Archive\Simplilearn Training Files\Course 6_ Deep Learning Specialization-20260529T185828Z-3-001\Course 6_ Deep Learning Specialization\Incremental_Capstone\Capstone Session 10,C:\Users\marti\OneDrive\Desktop\Horizon Archive\Simplilearn Training Files\Course 6_ Deep Learning Specialization-20260529T185828Z-3-001\Course 6_ Deep Learning Specialization\Incremental_Capstone\Cap_Session_10
C:\Users\marti\OneDrive\Desktop\Horizon Archive\Simplilearn Training Files\Course 6_ Deep Learning Specialization-20260529T185828Z-3-001\Course 6_ Deep Learning Specialization\Incremental_Capstone\Capstone Session 11,C:\Users\marti\OneDrive\Desktop\Horizon Archive\Simplilearn Training Files\Course 6_ Deep Learning Specialization-20260529T185828Z-3-001\Course 6_ Deep Learning Specialization\Incremental_Capstone\Cap_Session_11
C:\Users\marti\OneDrive\Desktop\Horizon Archive\Simplilearn Training Files\Course 6_ Deep Learning Specialization-20260529T185828Z-3-001\Course 6_ Deep Learning Specialization\Incremental_Capstone\Capstone Session 12,C:\Users\marti\OneDrive\Desktop\Horizon Archive\Simplilearn Training Files\Course 6_ Deep Learning Specialization-20260529T185828Z-3-001\Course 6_ Deep Learning Specialization\Incremental_Capstone\Cap_Session_12
C:\Users\marti\OneDrive\Desktop\Horizon Archive\Simplilearn Training Files\Course 4_ Applied Data Science with Python-20260529T184832Z-3-001\Course 4_ Applied Data Science with Python\Incremental_Capstone\Capstone 1,C:\Users\marti\OneDrive\Desktop\Horizon Archive\Simplilearn Training Files\Course 4_ Applied Data Science with Python-20260529T184832Z-3-001\Course 4_ Applied Data Science with Python\Incremental_Capstone\Cap_1
C:\Users\marti\OneDrive\Desktop\Horizon Archive\Simplilearn Training Files\Course 4_ Applied Data Science with Python-20260529T184832Z-3-001\Course 4_ Applied Data Science with Python\Incremental_Capstone\Capstone 2,C:\Users\marti\OneDrive\Desktop\Horizon Archive\Simplilearn Training Files\Course 4_ Applied Data Science with Python-20260529T184832Z-3-001\Course 4_ Applied Data Science with Python\Incremental_Capstone\Cap_2
C:\Users\marti\OneDrive\Desktop\Horizon Archive\Simplilearn Training Files\Course 4_ Applied Data Science with Python-20260529T184832Z-3-001\Course 4_ Applied Data Science with Python\Incremental_Capstone\Capstone 3,C:\Users\marti\OneDrive\Desktop\Horizon Archive\Simplilearn Training Files\Course 4_ Applied Data Science with Python-20260529T184832Z-3-001\Course 4_ Applied Data Science with Python\Incremental_Capstone\Cap_3
C:\Users\marti\OneDrive\Desktop\Horizon Archive\Simplilearn Training Files\Course 4_ Applied Data Science with Python-20260529T184832Z-3-001\Course 4_ Applied Data Science with Python\Incremental_Capstone\Capstone 4,C:\Users\marti\OneDrive\Desktop\Horizon Archive\Simplilearn Training Files\Course 4_ Applied Data Science with Python-20260529T184832Z-3-001\Course 4_ Applied Data Science with Python\Incremental_Capstone\Cap_4
C:\Users\marti\OneDrive\Desktop\Horizon Archive\Simplilearn Training Files\Course 6_ Deep Learning Specialization-20260529T185828Z-3-001\Course 6_ Deep Learning Specialization\Incremental_Capstone\Capstone Session 9,C:\Users\marti\OneDrive\Desktop\Horizon Archive\Simplilearn Training Files\Course 6_ Deep Learning Specialization-20260529T185828Z-3-001\Course 6_ Deep Learning Specialization\Incremental_Capstone\Cap_Session_9
C:\Users\marti\OneDrive\Desktop\Horizon Archive\Simplilearn Training Files\Course 6_ Deep Learning Specialization-20260529T185828Z-3-001\Course 6_ Deep Learning Specialization\Dataset\Lesson_09_Transfer_Learning,C:\Users\marti\OneDrive\Desktop\Horizon Archive\Simplilearn Training Files\Course 6_ Deep Learning Specialization-20260529T185828Z-3-001\Course 6_ Deep Learning Specialization\Dataset\L09_Transfer_Learn
C:\Users\marti\OneDrive\Desktop\Horizon Archive\Simplilearn Training Files\Course 5_ Machine Learning using Python-20260529T185524Z-3-001\Course 5_ Machine Learning using Python\Instructor_Slides_and_Notebooks,C:\Users\marti\OneDrive\Desktop\Horizon Archive\Simplilearn Training Files\Course 5_ Machine Learning using Python-20260529T185524Z-3-001\Course 5_ Machine Learning using Python\Instr_Slides_NBs
C:\Users\marti\OneDrive\Desktop\Horizon Archive\Simplilearn Training Files\Course 6_ Deep Learning Specialization-20260529T185828Z-3-001\Course 6_ Deep Learning Specialization\Instructor_Slides_and_Notebook,C:\Users\marti\OneDrive\Desktop\Horizon Archive\Simplilearn Training Files\Course 6_ Deep Learning Specialization-20260529T185828Z-3-001\Course 6_ Deep Learning Specialization\Instr_Slides_NB
C:\Users\marti\OneDrive\Desktop\Horizon Archive\Simplilearn Training Files\Course 4_ Applied Data Science with Python-20260529T184832Z-3-001\Course 4_ Applied Data Science with Python\Incremental_Capstone,C:\Users\marti\OneDrive\Desktop\Horizon Archive\Simplilearn Training Files\Course 4_ Applied Data Science with Python-20260529T184832Z-3-001\Course 4_ Applied Data Science with Python\Incr_Cap
C:\Users\marti\OneDrive\Desktop\Horizon Archive\Simplilearn Training Files\Course 6_ Deep Learning Specialization-20260529T185828Z-3-001\Course 6_ Deep Learning Specialization\Course_End_Project_Dataset,C:\Users\marti\OneDrive\Desktop\Horizon Archive\Simplilearn Training Files\Course 6_ Deep Learning Specialization-20260529T185828Z-3-001\Course 6_ Deep Learning Specialization\C_End_Project_Data
C:\Users\marti\OneDrive\Desktop\Horizon Archive\Simplilearn Training Files\Course 5_ Machine Learning using Python-20260529T185524Z-3-001\Course 5_ Machine Learning using Python\Datasets\CEP_Datasets,C:\Users\marti\OneDrive\Desktop\Horizon Archive\Simplilearn Training Files\Course 5_ Machine Learning using Python-20260529T185524Z-3-001\Course 5_ Machine Learning using Python\Datasets\CEP_Data
C:\Users\marti\OneDrive\Desktop\Horizon Archive\Simplilearn Training Files\Course 5_ Machine Learning using Python-20260529T185524Z-3-001\Course 5_ Machine Learning using Python\Incremental_Capstone,C:\Users\marti\OneDrive\Desktop\Horizon Archive\Simplilearn Training Files\Course 5_ Machine Learning using Python-20260529T185524Z-3-001\Course 5_ Machine Learning using Python\Incr_Cap
C:\Users\marti\OneDrive\Desktop\Horizon Archive\Simplilearn Training Files\Course 6_ Deep Learning Specialization-20260529T185828Z-3-001\Course 6_ Deep Learning Specialization\Incremental_Capstone,C:\Users\marti\OneDrive\Desktop\Horizon Archive\Simplilearn Training Files\Course 6_ Deep Learning Specialization-20260529T185828Z-3-001\Course 6_ Deep Learning Specialization\Incr_Cap
C:\Users\marti\OneDrive\Desktop\Horizon Archive\Simplilearn Training Files\Course 6_ Deep Learning Specialization-20260529T185828Z-3-001\Course 6_ Deep Learning Specialization\Dataset\CEP_Datasets,C:\Users\marti\OneDrive\Desktop\Horizon Archive\Simplilearn Training Files\Course 6_ Deep Learning Specialization-20260529T185828Z-3-001\Course 6_ Deep Learning Specialization\Dataset\CEP_Data
C:\Users\marti\OneDrive\Desktop\Horizon Archive\Simplilearn Training Files\Course 4_ Applied Data Science with Python-20260529T184832Z-3-001\Course 4_ Applied Data Science with Python\Dataset,C:\Users\marti\OneDrive\Desktop\Horizon Archive\Simplilearn Training Files\Course 4_ Applied Data Science with Python-20260529T184832Z-3-001\Course 4_ Applied Data Science with Python\Data
C:\Users\marti\OneDrive\Desktop\Horizon Archive\Simplilearn Training Files\Course 5_ Machine Learning using Python-20260529T185524Z-3-001\Course 5_ Machine Learning using Python\Datasets,C:\Users\marti\OneDrive\Desktop\Horizon Archive\Simplilearn Training Files\Course 5_ Machine Learning using Python-20260529T185524Z-3-001\Course 5_ Machine Learning using Python\Data
C:\Users\marti\OneDrive\Desktop\Horizon Archive\Simplilearn Training Files\Course 4_ Applied Data Science with Python-20260529T184832Z-3-001\Course 4_ Applied Data Science with Python,C:\Users\marti\OneDrive\Desktop\Horizon Archive\Simplilearn Training Files\Course 4_ Applied Data Science with Python-20260529T184832Z-3-001\C4_Appl_Data_Sci_Py
C:\Users\marti\OneDrive\Desktop\Horizon Archive\Simplilearn Training Files\Course 6_ Deep Learning Specialization-20260529T185828Z-3-001\Course 6_ Deep Learning Specialization\Dataset,C:\Users\marti\OneDrive\Desktop\Horizon Archive\Simplilearn Training Files\Course 6_ Deep Learning Specialization-20260529T185828Z-3-001\Course 6_ Deep Learning Specialization\Data
C:\Users\marti\OneDrive\Desktop\Horizon Archive\Simplilearn Training Files\Course 5_ Machine Learning using Python-20260529T185524Z-3-001\Course 5_ Machine Learning using Python,C:\Users\marti\OneDrive\Desktop\Horizon Archive\Simplilearn Training Files\Course 5_ Machine Learning using Python-20260529T185524Z-3-001\C5_ML_Learn_Using_Py
C:\Users\marti\OneDrive\Desktop\Horizon Archive\Simplilearn Training Files\Course 6_ Deep Learning Specialization-20260529T185828Z-3-001\Course 6_ Deep Learning Specialization,C:\Users\marti\OneDrive\Desktop\Horizon Archive\Simplilearn Training Files\Course 6_ Deep Learning Specialization-20260529T185828Z-3-001\C6_DL_Learn_Spec
C:\Users\marti\OneDrive\Desktop\Horizon Archive\Simplilearn Training Files\Course 3_ Python for AI\C3_Py_for_AI\Demos\L02_Data_Struct_Cond_Stmt_Loop,C:\Users\marti\OneDrive\Desktop\Horizon Archive\Simplilearn Training Files\Course 3_ Python for AI\C3_Py_for_AI\Demos\L02_Data_Struct_Cond_Stmt_Lo
C:\Users\marti\OneDrive\Desktop\Horizon Archive\Simplilearn Training Files\Course 3_ Python for AI\C3_Py_for_AI\Demos\L03_Funcs_OOPs_File_Err_Handli,C:\Users\marti\OneDrive\Desktop\Horizon Archive\Simplilearn Training Files\Course 3_ Python for AI\C3_Py_for_AI\Demos\L03_Funcs_OOPs_File_Err_Hand
C:\Users\marti\OneDrive\Desktop\Horizon Archive\Simplilearn Training Files\Course 3_ Python for AI\C3_Py_for_AI\Demos\L04_Practi_Use_AI_Code_Gen_Too,C:\Users\marti\OneDrive\Desktop\Horizon Archive\Simplilearn Training Files\Course 3_ Python for AI\C3_Py_for_AI\Demos\L04_Practi_Use_AI_Code_Gen_T
C:\Users\marti\OneDrive\Desktop\Horizon Archive\Simplilearn Training Files\Course 4_ Applied Data Science with Python-20260529T184832Z-3-001,C:\Users\marti\OneDrive\Desktop\Horizon Archive\Simplilearn Training Files\C4_Appl_Data_Sci_Py
C:\Users\marti\OneDrive\Desktop\Horizon Archive\Simplilearn Training Files\Course 5_ Machine Learning using Python-20260529T185524Z-3-001,C:\Users\marti\OneDrive\Desktop\Horizon Archive\Simplilearn Training Files\C5_ML_Learn_Using_Py
C:\Users\marti\OneDrive\Desktop\Horizon Archive\Simplilearn Training Files\Course 6_ Deep Learning Specialization-20260529T185828Z-3-001,C:\Users\marti\OneDrive\Desktop\Horizon Archive\Simplilearn Training Files\C6_DL_Learn_Spec
C:\Users\marti\OneDrive\Desktop\Horizon Archive\Simplilearn Training Files\Course 3_ Python for AI,C:\Users\marti\OneDrive\Desktop\Horizon Archive\Simplilearn Training Files\C3_Py_for_AI
