"frame_number","filename","time_seconds"
"1","frame_0001.jpg","0.000000"
"2","frame_0002.jpg","0.033333"
"3","frame_0003.jpg","0.066667"
"4","frame_0004.jpg","0.100000"
"5","frame_0005.jpg","0.133333"
"6","frame_0006.jpg","0.166667"
"7","frame_0007.jpg","0.200000"
"8","frame_0008.jpg","0.233333"
"9","frame_0009.jpg","0.266667"
"10","frame_0010.jpg","0.300000"
"11","frame_0011.jpg","0.333333"
"12","frame_0012.jpg","0.366667"
"13","frame_0013.jpg","0.400000"
"14","frame_0014.jpg","0.433333"
"15","frame_0015.jpg","0.466667"
"16","frame_0016.jpg","0.500000"
"17","frame_0017.jpg","0.533333"
"18","frame_0018.jpg","0.566667"
"19","frame_0019.jpg","0.600000"
"20","frame_0020.jpg","0.633333"
"21","frame_0021.jpg","0.666667"
"22","frame_0022.jpg","0.700000"
"23","frame_0023.jpg","0.733333"
"24","frame_0024.jpg","0.766667"
"25","frame_0025.jpg","0.800000"
"26","frame_0026.jpg","0.833333"
"27","frame_0027.jpg","0.866667"
"28","frame_0028.jpg","0.900000"
"29","frame_0029.jpg","0.933333"
"30","frame_0030.jpg","0.966667"
"31","frame_0031.jpg","1.000000"
"32","frame_0032.jpg","1.033333"
"33","frame_0033.jpg","1.066667"
"34","frame_0034.jpg","1.100000"
"35","frame_0035.jpg","1.133333"
"36","frame_0036.jpg","1.166667"
"37","frame_0037.jpg","1.200000"
"38","frame_0038.jpg","1.233333"
"39","frame_0039.jpg","1.266667"
"40","frame_0040.jpg","1.300000"
"41","frame_0041.jpg","1.333333"
"42","frame_0042.jpg","1.366667"
"43","frame_0043.jpg","1.400000"
"44","frame_0044.jpg","1.433333"
"45","frame_0045.jpg","1.466667"
"46","frame_0046.jpg","1.500000"
"47","frame_0047.jpg","1.533333"
"48","frame_0048.jpg","1.566667"
"49","frame_0049.jpg","1.600000"
"50","frame_0050.jpg","1.633333"
"51","frame_0051.jpg","1.666667"
"52","frame_0052.jpg","1.700000"
"53","frame_0053.jpg","1.733333"
"54","frame_0054.jpg","1.766667"
"55","frame_0055.jpg","1.800000"
"56","frame_0056.jpg","1.833333"
"57","frame_0057.jpg","1.866667"
"58","frame_0058.jpg","1.900000"
"59","frame_0059.jpg","1.933333"
"60","frame_0060.jpg","1.966667"
"61","frame_0061.jpg","2.000000"
"62","frame_0062.jpg","2.033333"
"63","frame_0063.jpg","2.066667"
"64","frame_0064.jpg","2.100000"
"65","frame_0065.jpg","2.133333"
"66","frame_0066.jpg","2.166667"
"67","frame_0067.jpg","2.200000"
"68","frame_0068.jpg","2.233333"
"69","frame_0069.jpg","2.266667"
"70","frame_0070.jpg","2.300000"
"71","frame_0071.jpg","2.333333"
"72","frame_0072.jpg","2.366667"
"73","frame_0073.jpg","2.400000"
"74","frame_0074.jpg","2.433333"
"75","frame_0075.jpg","2.466667"
"76","frame_0076.jpg","2.500000"
"77","frame_0077.jpg","2.533333"
"78","frame_0078.jpg","2.566667"
"79","frame_0079.jpg","2.600000"
"80","frame_0080.jpg","2.633333"
"81","frame_0081.jpg","2.666667"
"82","frame_0082.jpg","2.700000"
"83","frame_0083.jpg","2.733333"
"84","frame_0084.jpg","2.766667"
"85","frame_0085.jpg","2.800000"
"86","frame_0086.jpg","2.833333"
"87","frame_0087.jpg","2.866667"
"88","frame_0088.jpg","2.900000"
"89","frame_0089.jpg","2.933333"
"90","frame_0090.jpg","2.966667"
"91","frame_0091.jpg","3.000000"
"92","frame_0092.jpg","3.033333"
"93","frame_0093.jpg","3.066667"
"94","frame_0094.jpg","3.100000"
"95","frame_0095.jpg","3.133333"
"96","frame_0096.jpg","3.166667"
"97","frame_0097.jpg","3.200000"
"98","frame_0098.jpg","3.233333"
"99","frame_0099.jpg","3.266667"
"100","frame_0100.jpg","3.300000"
"101","frame_0101.jpg","3.333333"
"102","frame_0102.jpg","3.366667"
"103","frame_0103.jpg","3.400000"
"104","frame_0104.jpg","3.433333"
"105","frame_0105.jpg","3.466667"
"106","frame_0106.jpg","3.500000"
"107","frame_0107.jpg","3.533333"
"108","frame_0108.jpg","3.566667"
"109","frame_0109.jpg","3.600000"
"110","frame_0110.jpg","3.633333"
"111","frame_0111.jpg","3.666667"
"112","frame_0112.jpg","3.700000"
"113","frame_0113.jpg","3.733333"
"114","frame_0114.jpg","3.766667"
"115","frame_0115.jpg","3.800000"
"116","frame_0116.jpg","3.833333"
"117","frame_0117.jpg","3.866667"
"118","frame_0118.jpg","3.900000"
"119","frame_0119.jpg","3.933333"
"120","frame_0120.jpg","3.966667"
"121","frame_0121.jpg","4.000000"
"122","frame_0122.jpg","4.033333"
"123","frame_0123.jpg","4.066667"
"124","frame_0124.jpg","4.100000"
"125","frame_0125.jpg","4.133333"
"126","frame_0126.jpg","4.166667"
"127","frame_0127.jpg","4.200000"
"128","frame_0128.jpg","4.233333"
"129","frame_0129.jpg","4.266667"
"130","frame_0130.jpg","4.300000"
"131","frame_0131.jpg","4.333333"
"132","frame_0132.jpg","4.366667"
"133","frame_0133.jpg","4.400000"
"134","frame_0134.jpg","4.433333"
"135","frame_0135.jpg","4.466667"
"136","frame_0136.jpg","4.500000"
"137","frame_0137.jpg","4.533333"
"138","frame_0138.jpg","4.566667"
"139","frame_0139.jpg","4.600000"
"140","frame_0140.jpg","4.633333"
"141","frame_0141.jpg","4.666667"
"142","frame_0142.jpg","4.700000"
"143","frame_0143.jpg","4.733333"
"144","frame_0144.jpg","4.766667"
"145","frame_0145.jpg","4.800000"
"146","frame_0146.jpg","4.833333"
"147","frame_0147.jpg","4.866667"
"148","frame_0148.jpg","4.900000"
"149","frame_0149.jpg","4.933333"
"150","frame_0150.jpg","4.966667"
"151","frame_0151.jpg","5.000000"
"152","frame_0152.jpg","5.033333"
"153","frame_0153.jpg","5.066667"
"154","frame_0154.jpg","5.100000"
"155","frame_0155.jpg","5.133333"
"156","frame_0156.jpg","5.166667"
"157","frame_0157.jpg","5.200000"
"158","frame_0158.jpg","5.233333"
"159","frame_0159.jpg","5.266667"
"160","frame_0160.jpg","5.300000"
"161","frame_0161.jpg","5.333333"
"162","frame_0162.jpg","5.366667"
"163","frame_0163.jpg","5.400000"
"164","frame_0164.jpg","5.433333"
"165","frame_0165.jpg","5.466667"
"166","frame_0166.jpg","5.500000"
"167","frame_0167.jpg","5.533333"
"168","frame_0168.jpg","5.566667"
"169","frame_0169.jpg","5.600000"
"170","frame_0170.jpg","5.633333"
"171","frame_0171.jpg","5.666667"
"172","frame_0172.jpg","5.700000"
"173","frame_0173.jpg","5.733333"
"174","frame_0174.jpg","5.766667"
"175","frame_0175.jpg","5.800000"
"176","frame_0176.jpg","5.833333"
"177","frame_0177.jpg","5.866667"
"178","frame_0178.jpg","5.900000"
"179","frame_0179.jpg","5.933333"
"180","frame_0180.jpg","5.966667"
"181","frame_0181.jpg","6.000000"
"182","frame_0182.jpg","6.033333"
"183","frame_0183.jpg","6.066667"
"184","frame_0184.jpg","6.100000"
"185","frame_0185.jpg","6.133333"
"186","frame_0186.jpg","6.166667"
"187","frame_0187.jpg","6.200000"
"188","frame_0188.jpg","6.233333"
"189","frame_0189.jpg","6.266667"
"190","frame_0190.jpg","6.300000"
"191","frame_0191.jpg","6.333333"
"192","frame_0192.jpg","6.366667"
"193","frame_0193.jpg","6.400000"
"194","frame_0194.jpg","6.433333"
"195","frame_0195.jpg","6.466667"
"196","frame_0196.jpg","6.500000"
"197","frame_0197.jpg","6.533333"
"198","frame_0198.jpg","6.566667"
"199","frame_0199.jpg","6.600000"
"200","frame_0200.jpg","6.633333"
"201","frame_0201.jpg","6.666667"
"202","frame_0202.jpg","6.700000"
"203","frame_0203.jpg","6.733333"
"204","frame_0204.jpg","6.766667"
"205","frame_0205.jpg","6.800000"
"206","frame_0206.jpg","6.833333"
"207","frame_0207.jpg","6.866667"
"208","frame_0208.jpg","6.900000"
"209","frame_0209.jpg","6.933333"
"210","frame_0210.jpg","6.966667"
"211","frame_0211.jpg","7.000000"
"212","frame_0212.jpg","7.033333"
"213","frame_0213.jpg","7.066667"
"214","frame_0214.jpg","7.100000"
"215","frame_0215.jpg","7.133333"
"216","frame_0216.jpg","7.166667"
"217","frame_0217.jpg","7.200000"
"218","frame_0218.jpg","7.233333"
"219","frame_0219.jpg","7.266667"
"220","frame_0220.jpg","7.300000"
"221","frame_0221.jpg","7.333333"
"222","frame_0222.jpg","7.366667"
"223","frame_0223.jpg","7.400000"
"224","frame_0224.jpg","7.433333"
"225","frame_0225.jpg","7.466667"
"226","frame_0226.jpg","7.500000"
"227","frame_0227.jpg","7.533333"
"228","frame_0228.jpg","7.566667"
"229","frame_0229.jpg","7.600000"
"230","frame_0230.jpg","7.633333"
"231","frame_0231.jpg","7.666667"
"232","frame_0232.jpg","7.700000"
"233","frame_0233.jpg","7.733333"
"234","frame_0234.jpg","7.766667"
"235","frame_0235.jpg","7.800000"
"236","frame_0236.jpg","7.833333"
"237","frame_0237.jpg","7.866667"
"238","frame_0238.jpg","7.900000"
"239","frame_0239.jpg","7.933333"
"240","frame_0240.jpg","7.966667"
"241","frame_0241.jpg","8.000000"
"242","frame_0242.jpg","8.033333"
"243","frame_0243.jpg","8.066667"
"244","frame_0244.jpg","8.100000"
"245","frame_0245.jpg","8.133333"
"246","frame_0246.jpg","8.166667"
"247","frame_0247.jpg","8.200000"
"248","frame_0248.jpg","8.233333"
"249","frame_0249.jpg","8.266667"
"250","frame_0250.jpg","8.300000"
"251","frame_0251.jpg","8.333333"
"252","frame_0252.jpg","8.366667"
"253","frame_0253.jpg","8.400000"
"254","frame_0254.jpg","8.433333"
"255","frame_0255.jpg","8.466667"
"256","frame_0256.jpg","8.500000"
"257","frame_0257.jpg","8.533333"
"258","frame_0258.jpg","8.566667"
"259","frame_0259.jpg","8.600000"
"260","frame_0260.jpg","8.633333"
"261","frame_0261.jpg","8.666667"
"262","frame_0262.jpg","8.700000"
"263","frame_0263.jpg","8.733333"
"264","frame_0264.jpg","8.766667"
"265","frame_0265.jpg","8.800000"
"266","frame_0266.jpg","8.833333"
"267","frame_0267.jpg","8.866667"
"268","frame_0268.jpg","8.900000"
"269","frame_0269.jpg","8.933333"
"270","frame_0270.jpg","8.966667"
"271","frame_0271.jpg","9.000000"
"272","frame_0272.jpg","9.033333"
"273","frame_0273.jpg","9.066667"
"274","frame_0274.jpg","9.100000"
"275","frame_0275.jpg","9.133333"
"276","frame_0276.jpg","9.166667"
"277","frame_0277.jpg","9.200000"
"278","frame_0278.jpg","9.233333"
"279","frame_0279.jpg","9.266667"
"280","frame_0280.jpg","9.300000"
"281","frame_0281.jpg","9.333333"
"282","frame_0282.jpg","9.366667"
"283","frame_0283.jpg","9.400000"
"284","frame_0284.jpg","9.433333"
"285","frame_0285.jpg","9.466667"
"286","frame_0286.jpg","9.500000"
"287","frame_0287.jpg","9.533333"
"288","frame_0288.jpg","9.566667"
"289","frame_0289.jpg","9.600000"
"290","frame_0290.jpg","9.633333"
"291","frame_0291.jpg","9.666667"
"292","frame_0292.jpg","9.700000"
"293","frame_0293.jpg","9.733333"
"294","frame_0294.jpg","9.766667"
"295","frame_0295.jpg","9.800000"
"296","frame_0296.jpg","9.833333"
"297","frame_0297.jpg","9.866667"
"298","frame_0298.jpg","9.900000"
"299","frame_0299.jpg","9.933333"
"300","frame_0300.jpg","9.966667"
"301","frame_0301.jpg","10.000000"
"302","frame_0302.jpg","10.033333"
"303","frame_0303.jpg","10.066667"
"304","frame_0304.jpg","10.100000"
"305","frame_0305.jpg","10.133333"
"306","frame_0306.jpg","10.166667"
"307","frame_0307.jpg","10.200000"
"308","frame_0308.jpg","10.233333"
"309","frame_0309.jpg","10.266667"
"310","frame_0310.jpg","10.300000"
"311","frame_0311.jpg","10.333333"
"312","frame_0312.jpg","10.366667"
"313","frame_0313.jpg","10.400000"
"314","frame_0314.jpg","10.433333"
"315","frame_0315.jpg","10.466667"
"316","frame_0316.jpg","10.500000"
"317","frame_0317.jpg","10.533333"
"318","frame_0318.jpg","10.566667"
"319","frame_0319.jpg","10.600000"
"320","frame_0320.jpg","10.633333"
